asset,model,sample,n_requested,n_model_valid,n_scored,coverage,mae,rmse
1inch,Persistence,daily_origins,180,178,178,0.9888888888888889,0.21754317940976822,0.3005194302978786
1inch,Historical90,daily_origins,180,178,178,0.9888888888888889,0.17257845827424817,0.25382142782240746
1inch,Ridge,daily_origins,180,178,178,0.9888888888888889,0.3782084710386074,0.46219764533165486
1inch,Persistence,nonoverlap_30d,6,6,6,1.0,0.20708624260684905,0.3063800478788602
1inch,Historical90,nonoverlap_30d,6,6,6,1.0,0.17385923409133622,0.2683336234753379
1inch,Ridge,nonoverlap_30d,6,6,6,1.0,0.4197275625641377,0.492583792140045
Aave,Persistence,daily_origins,180,178,178,0.9888888888888889,0.252290724406293,0.31743759472482175
Aave,Historical90,daily_origins,180,178,178,0.9888888888888889,0.23296459320089333,0.28210790761330623
Aave,Ridge,daily_origins,180,178,178,0.9888888888888889,0.2813392820307328,0.3390579860825889
Aave,Persistence,nonoverlap_30d,6,6,6,1.0,0.2111259716641338,0.29282264153340587
Aave,Historical90,nonoverlap_30d,6,6,6,1.0,0.29752537676926094,0.32417234226037706
Aave,Ridge,nonoverlap_30d,6,6,6,1.0,0.4314840846949625,0.4810562962224552
Algorand,Persistence,daily_origins,180,178,178,0.9888888888888889,0.3278378913158697,0.4353172376999059
Algorand,Historical90,daily_origins,180,178,178,0.9888888888888889,0.3579625479099928,0.4358472465998074
Algorand,Ridge,daily_origins,180,178,178,0.9888888888888889,0.33539028968268814,0.3777739215675824
Algorand,Persistence,nonoverlap_30d,6,6,6,1.0,0.37901777100729656,0.5087028516326997
Algorand,Historical90,nonoverlap_30d,6,6,6,1.0,0.3665742030142676,0.45755103180466616
Algorand,Ridge,nonoverlap_30d,6,6,6,1.0,0.4406849708864402,0.4819423886916896
ApeCoin,Persistence,daily_origins,180,0,0,0.0,,
ApeCoin,Historical90,daily_origins,180,0,0,0.0,,
ApeCoin,Ridge,daily_origins,180,0,0,0.0,,
ApeCoin,Persistence,nonoverlap_30d,6,0,0,0.0,,
ApeCoin,Historical90,nonoverlap_30d,6,0,0,0.0,,
ApeCoin,Ridge,nonoverlap_30d,6,0,0,0.0,,
Arweave,Persistence,daily_origins,180,178,178,0.9888888888888889,0.30424336652014056,0.3920786159428335
Arweave,Historical90,daily_origins,180,178,178,0.9888888888888889,0.23035980191417713,0.30690892727671215
Arweave,Ridge,daily_origins,180,178,178,0.9888888888888889,0.32816415522232073,0.41090983359416317
Arweave,Persistence,nonoverlap_30d,6,6,6,1.0,0.29672372177532463,0.40262711820137775
Arweave,Historical90,nonoverlap_30d,6,6,6,1.0,0.23993270013537446,0.30713608796793784
Arweave,Ridge,nonoverlap_30d,6,6,6,1.0,0.3109122280303382,0.3895895606254939
Axie Infinity,Persistence,daily_origins,180,178,178,0.9888888888888889,0.28019994317534214,0.34931675565614306
Axie Infinity,Historical90,daily_origins,180,178,178,0.9888888888888889,0.24647018584127486,0.3014989329080749
Axie Infinity,Ridge,daily_origins,180,178,178,0.9888888888888889,0.38517584635958696,0.42892837807705364
Axie Infinity,Persistence,nonoverlap_30d,6,6,6,1.0,0.31104977000849704,0.4129968772034155
Axie Infinity,Historical90,nonoverlap_30d,6,6,6,1.0,0.29989810923292537,0.34070233894500584
Axie Infinity,Ridge,nonoverlap_30d,6,6,6,1.0,0.379330305878375,0.4077319030699442
BNB,Persistence,daily_origins,180,178,178,0.9888888888888889,0.23661997576678007,0.28433329958905423
BNB,Historical90,daily_origins,180,178,178,0.9888888888888889,0.21155081987794314,0.24971999721554108
BNB,Ridge,daily_origins,180,178,178,0.9888888888888889,0.17794268977106956,0.20410584288579084
BNB,Persistence,nonoverlap_30d,6,6,6,1.0,0.23996493867353777,0.2989071504193907
BNB,Historical90,nonoverlap_30d,6,6,6,1.0,0.23305745916491552,0.2709557952741493
BNB,Ridge,nonoverlap_30d,6,6,6,1.0,0.23490139631076734,0.2446306244028334
Basic Attention Token,Persistence,daily_origins,180,178,178,0.9888888888888889,0.254276219461225,0.319982001258161
Basic Attention Token,Historical90,daily_origins,180,178,178,0.9888888888888889,0.3295630638824222,0.3749911309653476
Basic Attention Token,Ridge,daily_origins,180,178,178,0.9888888888888889,0.2365385825993895,0.273524997625845
Basic Attention Token,Persistence,nonoverlap_30d,6,6,6,1.0,0.249856136416195,0.3147989421229242
Basic Attention Token,Historical90,nonoverlap_30d,6,6,6,1.0,0.40124376352073127,0.47771462858813707
Basic Attention Token,Ridge,nonoverlap_30d,6,6,6,1.0,0.276448397246752,0.3069377167395801
Binance USD,Persistence,daily_origins,180,178,178,0.9888888888888889,0.0018630202676571473,0.00220870515535876
Binance USD,Historical90,daily_origins,180,178,178,0.9888888888888889,0.0017268782830895983,0.002124858205593612
Binance USD,Ridge,daily_origins,180,178,178,0.9888888888888889,0.011415602537597477,0.012897651481669931
Binance USD,Persistence,nonoverlap_30d,6,6,6,1.0,0.0019408386401372792,0.002340806656666739
Binance USD,Historical90,nonoverlap_30d,6,6,6,1.0,0.00219140274967866,0.00252127903476474
Binance USD,Ridge,nonoverlap_30d,6,6,6,1.0,0.012027618506280232,0.012804585988877067
BitTorrent (New),Persistence,daily_origins,180,178,178,0.9888888888888889,0.9409936994273292,1.1888632529336671
BitTorrent (New),Historical90,daily_origins,180,178,178,0.9888888888888889,0.6116188709832255,0.9692458876271609
BitTorrent (New),Ridge,daily_origins,180,178,178,0.9888888888888889,0.7992646551493517,1.1532064153891886
BitTorrent (New),Persistence,nonoverlap_30d,6,6,6,1.0,1.0109969619956545,1.2347883785897475
BitTorrent (New),Historical90,nonoverlap_30d,6,6,6,1.0,0.6642808274330623,0.9858929768730663
BitTorrent (New),Ridge,nonoverlap_30d,6,6,6,1.0,0.8229985097801461,1.1505747419219248
Bitcoin BEP2,Persistence,daily_origins,180,113,113,0.6277777777777778,0.2122983122967204,0.2387049184954638
Bitcoin BEP2,Historical90,daily_origins,180,113,113,0.6277777777777778,0.1635225116184157,0.1832098642949597
Bitcoin BEP2,Ridge,daily_origins,180,113,113,0.6277777777777778,0.10840290083020092,0.1403608578814792
Bitcoin BEP2,Persistence,nonoverlap_30d,6,3,3,0.5,0.2975372428248328,0.30908551057540384
Bitcoin BEP2,Historical90,nonoverlap_30d,6,3,3,0.5,0.19054754997319936,0.20071399202177384
Bitcoin BEP2,Ridge,nonoverlap_30d,6,3,3,0.5,0.09460266264004058,0.10441694959902549
Bitcoin Gold,Persistence,daily_origins,180,178,178,0.9888888888888889,0.3513307596846929,0.44850946817288506
Bitcoin Gold,Historical90,daily_origins,180,178,178,0.9888888888888889,0.2578975346254109,0.33205781160916353
Bitcoin Gold,Ridge,daily_origins,180,178,178,0.9888888888888889,0.24132797959739133,0.33273345877508087
Bitcoin Gold,Persistence,nonoverlap_30d,6,6,6,1.0,0.29922349057664827,0.3978220335021725
Bitcoin Gold,Historical90,nonoverlap_30d,6,6,6,1.0,0.19294061843163016,0.30760125043662334
Bitcoin Gold,Ridge,nonoverlap_30d,6,6,6,1.0,0.18593924915787619,0.2603776227093278
Bitcoin SV,Persistence,daily_origins,180,178,178,0.9888888888888889,0.17292248928229628,0.2375514108549341
Bitcoin SV,Historical90,daily_origins,180,178,178,0.9888888888888889,0.21728777565787044,0.2592366478834049
Bitcoin SV,Ridge,daily_origins,180,178,178,0.9888888888888889,0.25428826149924183,0.30253935619912403
Bitcoin SV,Persistence,nonoverlap_30d,6,6,6,1.0,0.19094815911992838,0.2590948193231094
Bitcoin SV,Historical90,nonoverlap_30d,6,6,6,1.0,0.2397744262239535,0.2841975790350064
Bitcoin SV,Ridge,nonoverlap_30d,6,6,6,1.0,0.28613177583033106,0.3315261120478093
Celo,Persistence,daily_origins,180,178,178,0.9888888888888889,0.21638167090556884,0.25693476870826526
Celo,Historical90,daily_origins,180,178,178,0.9888888888888889,0.2505856993192819,0.2904236655697791
Celo,Ridge,daily_origins,180,178,178,0.9888888888888889,0.37619796819370016,0.4657747763962378
Celo,Persistence,nonoverlap_30d,6,6,6,1.0,0.2391883386496428,0.2592731561634018
Celo,Historical90,nonoverlap_30d,6,6,6,1.0,0.2667873293135557,0.31021615961288
Celo,Ridge,nonoverlap_30d,6,6,6,1.0,0.3754861743011452,0.514822796956928
Celsius,Persistence,daily_origins,180,178,178,0.9888888888888889,1.2269213627340039,1.5626716842736017
Celsius,Historical90,daily_origins,180,178,178,0.9888888888888889,1.1060675814447576,1.5118234069751233
Celsius,Ridge,daily_origins,180,178,178,0.9888888888888889,1.1025247556654667,1.6805963309665493
Celsius,Persistence,nonoverlap_30d,6,6,6,1.0,1.221423309831952,1.6098970273952529
Celsius,Historical90,nonoverlap_30d,6,6,6,1.0,1.026379747774589,1.5077013212917436
Celsius,Ridge,nonoverlap_30d,6,6,6,1.0,1.0730039695467477,1.6853601565485292
Chiliz,Persistence,daily_origins,180,113,113,0.6277777777777778,0.3706458543339292,0.4380821800890859
Chiliz,Historical90,daily_origins,180,113,113,0.6277777777777778,0.3026865367382641,0.3480581288841226
Chiliz,Ridge,daily_origins,180,113,113,0.6277777777777778,0.24061996427437649,0.2791871549528848
Chiliz,Persistence,nonoverlap_30d,6,3,3,0.5,0.4714663850850331,0.5374562909177463
Chiliz,Historical90,nonoverlap_30d,6,3,3,0.5,0.4315966870472558,0.44360730847205
Chiliz,Ridge,nonoverlap_30d,6,3,3,0.5,0.33895377701766155,0.37188711366951305
Compound,Persistence,daily_origins,180,0,0,0.0,,
Compound,Historical90,daily_origins,180,0,0,0.0,,
Compound,Ridge,daily_origins,180,0,0,0.0,,
Compound,Persistence,nonoverlap_30d,6,0,0,0.0,,
Compound,Historical90,nonoverlap_30d,6,0,0,0.0,,
Compound,Ridge,nonoverlap_30d,6,0,0,0.0,,
Convex Finance,Persistence,daily_origins,180,0,0,0.0,,
Convex Finance,Historical90,daily_origins,180,0,0,0.0,,
Convex Finance,Ridge,daily_origins,180,0,0,0.0,,
Convex Finance,Persistence,nonoverlap_30d,6,0,0,0.0,,
Convex Finance,Historical90,nonoverlap_30d,6,0,0,0.0,,
Convex Finance,Ridge,nonoverlap_30d,6,0,0,0.0,,
Cronos,Persistence,daily_origins,180,178,178,0.9888888888888889,0.3144304813549355,0.37339301788958545
Cronos,Historical90,daily_origins,180,178,178,0.9888888888888889,0.3338886356922507,0.3746879651246195
Cronos,Ridge,daily_origins,180,178,178,0.9888888888888889,0.2472225907283752,0.28851216273743674
Cronos,Persistence,nonoverlap_30d,6,6,6,1.0,0.34813899820285155,0.4239717675399227
Cronos,Historical90,nonoverlap_30d,6,6,6,1.0,0.4106303681448234,0.45699030066545937
Cronos,Ridge,nonoverlap_30d,6,6,6,1.0,0.321631774149135,0.3521574509520857
Curve DAO Token,Persistence,daily_origins,180,178,178,0.9888888888888889,0.2897160834508506,0.36174051263811874
Curve DAO Token,Historical90,daily_origins,180,178,178,0.9888888888888889,0.30103649130133614,0.36624353194713577
Curve DAO Token,Ridge,daily_origins,180,178,178,0.9888888888888889,0.4933232854934857,0.5537463894291168
Curve DAO Token,Persistence,nonoverlap_30d,6,6,6,1.0,0.2627985064968282,0.3177854664608401
Curve DAO Token,Historical90,nonoverlap_30d,6,6,6,1.0,0.30102923063998055,0.36243341021504855
Curve DAO Token,Ridge,nonoverlap_30d,6,6,6,1.0,0.5054040778172147,0.533247908134693
Dash,Persistence,daily_origins,180,178,178,0.9888888888888889,0.23550496033601473,0.2849271169175828
Dash,Historical90,daily_origins,180,178,178,0.9888888888888889,0.1865368057398352,0.215077033115687
Dash,Ridge,daily_origins,180,178,178,0.9888888888888889,0.16421097848526228,0.19240292270512646
Dash,Persistence,nonoverlap_30d,6,6,6,1.0,0.25777129527201476,0.3176618654232759
Dash,Historical90,nonoverlap_30d,6,6,6,1.0,0.19899648805460304,0.2353256436769254
Dash,Ridge,nonoverlap_30d,6,6,6,1.0,0.1480889609166114,0.17256503584567873
Decentraland,Persistence,daily_origins,180,178,178,0.9888888888888889,0.6056997251951854,0.8349788449302921
Decentraland,Historical90,daily_origins,180,178,178,0.9888888888888889,0.6346473075572326,0.7542754011079773
Decentraland,Ridge,daily_origins,180,178,178,0.9888888888888889,0.416500027792063,0.5855058158236476
Decentraland,Persistence,nonoverlap_30d,6,6,6,1.0,0.607388683692159,0.9029002027823393
Decentraland,Historical90,nonoverlap_30d,6,6,6,1.0,0.7878618881119969,0.9280175154272482
Decentraland,Ridge,nonoverlap_30d,6,6,6,1.0,0.44606864937746565,0.599377720323984
Decred,Persistence,daily_origins,180,178,178,0.9888888888888889,0.4337580323578636,0.6617390068966621
Decred,Historical90,daily_origins,180,178,178,0.9888888888888889,0.44550304327589463,0.630781391947156
Decred,Ridge,daily_origins,180,178,178,0.9888888888888889,0.3197845735304351,0.5994746603596602
Decred,Persistence,nonoverlap_30d,6,6,6,1.0,0.27661733355140156,0.34983010224942646
Decred,Historical90,nonoverlap_30d,6,6,6,1.0,0.34693613064564915,0.3821370079554018
Decred,Ridge,nonoverlap_30d,6,6,6,1.0,0.1468891769135688,0.15951106787790098
EOS,Persistence,daily_origins,180,178,178,0.9888888888888889,0.20011977826527408,0.243436699173336
EOS,Historical90,daily_origins,180,178,178,0.9888888888888889,0.22801807131929117,0.2606670850640926
EOS,Ridge,daily_origins,180,178,178,0.9888888888888889,0.16957203181471564,0.21071139580253018
EOS,Persistence,nonoverlap_30d,6,6,6,1.0,0.17091773640558428,0.20807477619447068
EOS,Historical90,nonoverlap_30d,6,6,6,1.0,0.24457919299746422,0.26793217231094074
EOS,Ridge,nonoverlap_30d,6,6,6,1.0,0.18746579599508842,0.21310145980834866
Elrond,Persistence,daily_origins,180,178,178,0.9888888888888889,0.28896395419121296,0.3839773041344669
Elrond,Historical90,daily_origins,180,178,178,0.9888888888888889,0.3260577897070289,0.36341856409643875
Elrond,Ridge,daily_origins,180,178,178,0.9888888888888889,0.34476477345037315,0.3907674270381972
Elrond,Persistence,nonoverlap_30d,6,6,6,1.0,0.3055329367994341,0.4006157552438487
Elrond,Historical90,nonoverlap_30d,6,6,6,1.0,0.34507378561195035,0.3702194142808851
Elrond,Ridge,nonoverlap_30d,6,6,6,1.0,0.34830848502578365,0.38293777716943406
Enjin Coin,Persistence,daily_origins,180,178,178,0.9888888888888889,0.297941627872467,0.375820017949088
Enjin Coin,Historical90,daily_origins,180,178,178,0.9888888888888889,0.30319545825403116,0.35416237509271703
Enjin Coin,Ridge,daily_origins,180,178,178,0.9888888888888889,0.20998820858367484,0.2646117396244781
Enjin Coin,Persistence,nonoverlap_30d,6,6,6,1.0,0.30310348298581025,0.40776532158148493
Enjin Coin,Historical90,nonoverlap_30d,6,6,6,1.0,0.338927097547196,0.38964445375523377
Enjin Coin,Ridge,nonoverlap_30d,6,6,6,1.0,0.2554654278076592,0.29109949676116004
Fantom,Persistence,daily_origins,180,178,178,0.9888888888888889,0.6103238883953379,0.7984959018815022
Fantom,Historical90,daily_origins,180,178,178,0.9888888888888889,0.5616238804414909,0.6907499077652549
Fantom,Ridge,daily_origins,180,178,178,0.9888888888888889,0.40187198801479784,0.5756081791305079
Fantom,Persistence,nonoverlap_30d,6,6,6,1.0,0.7021730883801606,0.894035334735444
Fantom,Historical90,nonoverlap_30d,6,6,6,1.0,0.5892557981692859,0.7414992958581947
Fantom,Ridge,nonoverlap_30d,6,6,6,1.0,0.5196203074001402,0.6827070788708623
Fei USD,Persistence,daily_origins,180,0,0,0.0,,
Fei USD,Historical90,daily_origins,180,0,0,0.0,,
Fei USD,Ridge,daily_origins,180,0,0,0.0,,
Fei USD,Persistence,nonoverlap_30d,6,0,0,0.0,,
Fei USD,Historical90,nonoverlap_30d,6,0,0,0.0,,
Fei USD,Ridge,nonoverlap_30d,6,0,0,0.0,,
Filecoin,Persistence,daily_origins,180,178,178,0.9888888888888889,0.3662018738754152,0.42247847398357175
Filecoin,Historical90,daily_origins,180,178,178,0.9888888888888889,0.31233999168533244,0.35416270179963844
Filecoin,Ridge,daily_origins,180,178,178,0.9888888888888889,0.32634567582570445,0.3745383038049937
Filecoin,Persistence,nonoverlap_30d,6,6,6,1.0,0.2960152279935351,0.3383744551479747
Filecoin,Historical90,nonoverlap_30d,6,6,6,1.0,0.2787910595637426,0.3575490661504531
Filecoin,Ridge,nonoverlap_30d,6,6,6,1.0,0.3386697804447219,0.3721524878824759
Flow,Persistence,daily_origins,180,0,0,0.0,,
Flow,Historical90,daily_origins,180,0,0,0.0,,
Flow,Ridge,daily_origins,180,0,0,0.0,,
Flow,Persistence,nonoverlap_30d,6,0,0,0.0,,
Flow,Historical90,nonoverlap_30d,6,0,0,0.0,,
Flow,Ridge,nonoverlap_30d,6,0,0,0.0,,
Gala,Persistence,daily_origins,180,178,178,0.9888888888888889,0.760645596311662,0.9093506891253049
Gala,Historical90,daily_origins,180,178,178,0.9888888888888889,0.7148029960066741,0.7751639266129124
Gala,Ridge,daily_origins,180,178,178,0.9888888888888889,1.4099298402548768,1.6144647683227011
Gala,Persistence,nonoverlap_30d,6,6,6,1.0,0.8365509376267956,1.0029242451545592
Gala,Historical90,nonoverlap_30d,6,6,6,1.0,0.7014333982301185,0.7652793969131612
Gala,Ridge,nonoverlap_30d,6,6,6,1.0,1.5737242261907076,1.7863280179777545
Gnosis,Persistence,daily_origins,180,178,178,0.9888888888888889,0.24372539866114443,0.2765983307095503
Gnosis,Historical90,daily_origins,180,178,178,0.9888888888888889,0.18129351910314564,0.22575632612829846
Gnosis,Ridge,daily_origins,180,178,178,0.9888888888888889,0.122923434333901,0.14330056619166057
Gnosis,Persistence,nonoverlap_30d,6,6,6,1.0,0.26357762909552607,0.32316787840005196
Gnosis,Historical90,nonoverlap_30d,6,6,6,1.0,0.20808151194237479,0.24462973720058315
Gnosis,Ridge,nonoverlap_30d,6,6,6,1.0,0.1151688422595588,0.15816246832396907
Hedera,Persistence,daily_origins,180,178,178,0.9888888888888889,0.2968770631708257,0.3506725870593718
Hedera,Historical90,daily_origins,180,178,178,0.9888888888888889,0.23730674054087203,0.3013235053391844
Hedera,Ridge,daily_origins,180,178,178,0.9888888888888889,0.29760182260162393,0.3411738801766923
Hedera,Persistence,nonoverlap_30d,6,6,6,1.0,0.30553155198617793,0.37124724811045795
Hedera,Historical90,nonoverlap_30d,6,6,6,1.0,0.25066449529801377,0.32965155538140056
Hedera,Ridge,nonoverlap_30d,6,6,6,1.0,0.33875730307052226,0.4021229999962218
Helium,Persistence,daily_origins,180,178,178,0.9888888888888889,0.44291602996507423,0.5713773695570388
Helium,Historical90,daily_origins,180,178,178,0.9888888888888889,0.49013866246269766,0.5775667806743126
Helium,Ridge,daily_origins,180,178,178,0.9888888888888889,0.562628088133719,0.6501931477317856
Helium,Persistence,nonoverlap_30d,6,6,6,1.0,0.46608111654784884,0.6339966912139128
Helium,Historical90,nonoverlap_30d,6,6,6,1.0,0.5230003924930614,0.5826624677997306
Helium,Ridge,nonoverlap_30d,6,6,6,1.0,0.6198831141209081,0.7046189043973559
Holo,Persistence,daily_origins,180,178,178,0.9888888888888889,0.270453363279183,0.33723293784468356
Holo,Historical90,daily_origins,180,178,178,0.9888888888888889,0.23322106195029935,0.2874485588800773
Holo,Ridge,daily_origins,180,178,178,0.9888888888888889,0.3218089481277576,0.37357813347844615
Holo,Persistence,nonoverlap_30d,6,6,6,1.0,0.3222475357790125,0.3841230713326876
Holo,Historical90,nonoverlap_30d,6,6,6,1.0,0.2348595408697863,0.28548823550869007
Holo,Ridge,nonoverlap_30d,6,6,6,1.0,0.32870959566390195,0.4084939108874072
Huobi Token,Persistence,daily_origins,180,178,178,0.9888888888888889,0.1602660820108572,0.20360299317318786
Huobi Token,Historical90,daily_origins,180,178,178,0.9888888888888889,0.18324138684184565,0.21485727764709087
Huobi Token,Ridge,daily_origins,180,178,178,0.9888888888888889,0.18050385038145098,0.20921678653133335
Huobi Token,Persistence,nonoverlap_30d,6,6,6,1.0,0.1393002362074299,0.15253633245049705
Huobi Token,Historical90,nonoverlap_30d,6,6,6,1.0,0.2024996844811754,0.23432310847381677
Huobi Token,Ridge,nonoverlap_30d,6,6,6,1.0,0.1927526213231944,0.22136627766330777
IOTA,Persistence,daily_origins,180,178,178,0.9888888888888889,0.2966182641915143,0.38637834871289917
IOTA,Historical90,daily_origins,180,178,178,0.9888888888888889,0.30046081661065677,0.3680227836418887
IOTA,Ridge,daily_origins,180,178,178,0.9888888888888889,0.2098755196612381,0.27801290074717294
IOTA,Persistence,nonoverlap_30d,6,6,6,1.0,0.31482326842655806,0.421292604769796
IOTA,Historical90,nonoverlap_30d,6,6,6,1.0,0.318820078571894,0.3911416016204807
IOTA,Ridge,nonoverlap_30d,6,6,6,1.0,0.2496370574222664,0.32202136161285194
Internet Computer,Persistence,daily_origins,180,0,0,0.0,,
Internet Computer,Historical90,daily_origins,180,0,0,0.0,,
Internet Computer,Ridge,daily_origins,180,0,0,0.0,,
Internet Computer,Persistence,nonoverlap_30d,6,0,0,0.0,,
Internet Computer,Historical90,nonoverlap_30d,6,0,0,0.0,,
Internet Computer,Ridge,nonoverlap_30d,6,0,0,0.0,,
Kava,Persistence,daily_origins,180,178,178,0.9888888888888889,0.5771053137732292,0.7189228999705721
Kava,Historical90,daily_origins,180,178,178,0.9888888888888889,0.5915167569527603,0.7194231707624609
Kava,Ridge,daily_origins,180,178,178,0.9888888888888889,0.47075632116951976,0.5303434910263215
Kava,Persistence,nonoverlap_30d,6,6,6,1.0,0.6400040674714238,0.8002242154693318
Kava,Historical90,nonoverlap_30d,6,6,6,1.0,0.5869899357289661,0.7410322151012154
Kava,Ridge,nonoverlap_30d,6,6,6,1.0,0.5595556928642353,0.6318851438932662
Klaytn,Persistence,daily_origins,180,178,178,0.9888888888888889,0.3192475081235586,0.42373237862650703
Klaytn,Historical90,daily_origins,180,178,178,0.9888888888888889,0.30216638793337114,0.3835945782402935
Klaytn,Ridge,daily_origins,180,178,178,0.9888888888888889,0.332097240039459,0.38208272005362565
Klaytn,Persistence,nonoverlap_30d,6,6,6,1.0,0.35630318222479634,0.4641340721612183
Klaytn,Historical90,nonoverlap_30d,6,6,6,1.0,0.34400736694326356,0.42662085312242365
Klaytn,Ridge,nonoverlap_30d,6,6,6,1.0,0.39304947846419136,0.4236925635840139
KuCoin Token,Persistence,daily_origins,180,178,178,0.9888888888888889,0.28115524446330176,0.3560980963608008
KuCoin Token,Historical90,daily_origins,180,178,178,0.9888888888888889,0.30527298201257247,0.3644615280923241
KuCoin Token,Ridge,daily_origins,180,178,178,0.9888888888888889,0.25966544418489723,0.2937999029050659
KuCoin Token,Persistence,nonoverlap_30d,6,6,6,1.0,0.2773605308905498,0.3361331669451145
KuCoin Token,Historical90,nonoverlap_30d,6,6,6,1.0,0.3182697037970838,0.37060418120057587
KuCoin Token,Ridge,nonoverlap_30d,6,6,6,1.0,0.276422959338257,0.3169392107798284
Kusama,Persistence,daily_origins,180,178,178,0.9888888888888889,0.21825060166000299,0.28389673746468497
Kusama,Historical90,daily_origins,180,178,178,0.9888888888888889,0.20196749730279487,0.25636925455199355
Kusama,Ridge,daily_origins,180,178,178,0.9888888888888889,0.24344949288205314,0.27666396963175377
Kusama,Persistence,nonoverlap_30d,6,6,6,1.0,0.19664908942951795,0.283395417987327
Kusama,Historical90,nonoverlap_30d,6,6,6,1.0,0.19231417893307054,0.25446649946668026
Kusama,Ridge,nonoverlap_30d,6,6,6,1.0,0.27231362174641555,0.28549014257309585
Lido DAO,Persistence,daily_origins,180,178,178,0.9888888888888889,0.2613312412014435,0.3241183241272337
Lido DAO,Historical90,daily_origins,180,178,178,0.9888888888888889,0.20990217507884834,0.2650368687163752
Lido DAO,Ridge,daily_origins,180,178,178,0.9888888888888889,0.27734666264156527,0.3430253596363034
Lido DAO,Persistence,nonoverlap_30d,6,6,6,1.0,0.1472299300115274,0.16373398935309472
Lido DAO,Historical90,nonoverlap_30d,6,6,6,1.0,0.16568552962503136,0.1955308694092159
Lido DAO,Ridge,nonoverlap_30d,6,6,6,1.0,0.3303080070682333,0.3530066243146594
Loopring,Persistence,daily_origins,180,178,178,0.9888888888888889,0.5204638340781823,0.5883584571097891
Loopring,Historical90,daily_origins,180,178,178,0.9888888888888889,0.49558701401822775,0.5333685651046844
Loopring,Ridge,daily_origins,180,178,178,0.9888888888888889,0.37215186564469954,0.42403797757271516
Loopring,Persistence,nonoverlap_30d,6,6,6,1.0,0.6013364432172232,0.6293406420408738
Loopring,Historical90,nonoverlap_30d,6,6,6,1.0,0.5920891354223797,0.63735401800613
Loopring,Ridge,nonoverlap_30d,6,6,6,1.0,0.3820989152307786,0.4501743211911273
Maker,Persistence,daily_origins,180,178,178,0.9888888888888889,0.23159130201659858,0.29376336147493004
Maker,Historical90,daily_origins,180,178,178,0.9888888888888889,0.21813366418828414,0.26596938745848525
Maker,Ridge,daily_origins,180,178,178,0.9888888888888889,0.2149192106778956,0.28752026019149285
Maker,Persistence,nonoverlap_30d,6,6,6,1.0,0.22327207103169777,0.31960787883814545
Maker,Historical90,nonoverlap_30d,6,6,6,1.0,0.22353044266911706,0.2939238031134246
Maker,Ridge,nonoverlap_30d,6,6,6,1.0,0.19958190875905088,0.32084464750752567
Mina,Persistence,daily_origins,180,0,0,0.0,,
Mina,Historical90,daily_origins,180,0,0,0.0,,
Mina,Ridge,daily_origins,180,0,0,0.0,,
Mina,Persistence,nonoverlap_30d,6,0,0,0.0,,
Mina,Historical90,nonoverlap_30d,6,0,0,0.0,,
Mina,Ridge,nonoverlap_30d,6,0,0,0.0,,
NEM,Persistence,daily_origins,180,178,178,0.9888888888888889,0.4610411810164637,0.6528673119229375
NEM,Historical90,daily_origins,180,178,178,0.9888888888888889,0.3626989849507595,0.5572696892042988
NEM,Ridge,daily_origins,180,178,178,0.9888888888888889,0.33422345435258055,0.5068557245577151
NEM,Persistence,nonoverlap_30d,6,6,6,1.0,0.5234040748610672,0.7411989609060233
NEM,Historical90,nonoverlap_30d,6,6,6,1.0,0.3574721847468841,0.5753709360354613
NEM,Ridge,nonoverlap_30d,6,6,6,1.0,0.37353229106852215,0.5484339575563265
Neo,Persistence,daily_origins,180,178,178,0.9888888888888889,0.2934967804535044,0.3460923709018439
Neo,Historical90,daily_origins,180,178,178,0.9888888888888889,0.22654421772460853,0.26706546687871363
Neo,Ridge,daily_origins,180,178,178,0.9888888888888889,0.1875177141372071,0.23699846960575516
Neo,Persistence,nonoverlap_30d,6,6,6,1.0,0.2804615104303057,0.33207579705421425
Neo,Historical90,nonoverlap_30d,6,6,6,1.0,0.21735567112501417,0.2607932225664366
Neo,Ridge,nonoverlap_30d,6,6,6,1.0,0.1651224814078872,0.22748440214406263
Neutrino USD,Persistence,daily_origins,180,178,178,0.9888888888888889,0.2883903238228522,0.39180107221407817
Neutrino USD,Historical90,daily_origins,180,178,178,0.9888888888888889,0.3385942344603788,0.42027688334691615
Neutrino USD,Ridge,daily_origins,180,178,178,0.9888888888888889,0.3102243352853084,0.40270940800342625
Neutrino USD,Persistence,nonoverlap_30d,6,6,6,1.0,0.253326965203519,0.36470723359147195
Neutrino USD,Historical90,nonoverlap_30d,6,6,6,1.0,0.3127902824991045,0.41947307443056275
Neutrino USD,Ridge,nonoverlap_30d,6,6,6,1.0,0.3126873499485226,0.4179764368227893
Nexo,Persistence,daily_origins,180,178,178,0.9888888888888889,0.27965900602932214,0.3274939886339874
Nexo,Historical90,daily_origins,180,178,178,0.9888888888888889,0.27608026653066126,0.31223080978508466
Nexo,Ridge,daily_origins,180,178,178,0.9888888888888889,0.23987844752983306,0.28553327511135035
Nexo,Persistence,nonoverlap_30d,6,6,6,1.0,0.25994757168315147,0.31039660593621726
Nexo,Historical90,nonoverlap_30d,6,6,6,1.0,0.27110773750348743,0.30748646267340296
Nexo,Ridge,nonoverlap_30d,6,6,6,1.0,0.2669884481091264,0.29105640485354944
OKB,Persistence,daily_origins,180,178,178,0.9888888888888889,0.23158508079266918,0.3224470979093903
OKB,Historical90,daily_origins,180,178,178,0.9888888888888889,0.21285509986711015,0.27049866452842786
OKB,Ridge,daily_origins,180,178,178,0.9888888888888889,0.15656660877964004,0.22406027610664575
OKB,Persistence,nonoverlap_30d,6,6,6,1.0,0.23751475396353747,0.316209141304387
OKB,Historical90,nonoverlap_30d,6,6,6,1.0,0.2339403623247891,0.29166871880510226
OKB,Ridge,nonoverlap_30d,6,6,6,1.0,0.20219885241912974,0.27963427344857733
PAX Gold,Persistence,daily_origins,180,178,178,0.9888888888888889,0.050882299479481204,0.06544382820883582
PAX Gold,Historical90,daily_origins,180,178,178,0.9888888888888889,0.044329296549201674,0.05715735351139284
PAX Gold,Ridge,daily_origins,180,178,178,0.9888888888888889,0.040356291414351333,0.05272602981891099
PAX Gold,Persistence,nonoverlap_30d,6,6,6,1.0,0.05036154403169998,0.05820416361583198
PAX Gold,Historical90,nonoverlap_30d,6,6,6,1.0,0.043845358970443525,0.053081263671876676
PAX Gold,Ridge,nonoverlap_30d,6,6,6,1.0,0.035585843858852335,0.04508438678424724
PancakeSwap,Persistence,daily_origins,180,178,178,0.9888888888888889,0.3369374002250636,0.3949222203546805
PancakeSwap,Historical90,daily_origins,180,178,178,0.9888888888888889,0.33731353075985904,0.41265300652694087
PancakeSwap,Ridge,daily_origins,180,178,178,0.9888888888888889,0.3099308152645429,0.3719788203718791
PancakeSwap,Persistence,nonoverlap_30d,6,6,6,1.0,0.36909637859908667,0.4041634714564138
PancakeSwap,Historical90,nonoverlap_30d,6,6,6,1.0,0.3320790623614238,0.4286890342164484
PancakeSwap,Ridge,nonoverlap_30d,6,6,6,1.0,0.4180108180889171,0.4742800672417638
Pax Dollar,Persistence,daily_origins,180,178,178,0.9888888888888889,0.010847754407908776,0.012621515062280228
Pax Dollar,Historical90,daily_origins,180,178,178,0.9888888888888889,0.008367232302525644,0.010626366865188698
Pax Dollar,Ridge,daily_origins,180,178,178,0.9888888888888889,0.006966214183155237,0.00817679969656696
Pax Dollar,Persistence,nonoverlap_30d,6,6,6,1.0,0.011698291162228923,0.013922803741937795
Pax Dollar,Historical90,nonoverlap_30d,6,6,6,1.0,0.009131038946019472,0.012830982624397545
Pax Dollar,Ridge,nonoverlap_30d,6,6,6,1.0,0.007004271298799853,0.00881890517131002
Qtum,Persistence,daily_origins,180,178,178,0.9888888888888889,0.1711584302748435,0.20016235387237297
Qtum,Historical90,daily_origins,180,178,178,0.9888888888888889,0.1280946874856996,0.15744400234940575
Qtum,Ridge,daily_origins,180,178,178,0.9888888888888889,0.16086706109100765,0.19635611282100945
Qtum,Persistence,nonoverlap_30d,6,6,6,1.0,0.21438632108227837,0.23244786092782613
Qtum,Historical90,nonoverlap_30d,6,6,6,1.0,0.16027560878474875,0.20237523198710997
Qtum,Ridge,nonoverlap_30d,6,6,6,1.0,0.17287439202933377,0.21433557419660096
Quant,Persistence,daily_origins,180,178,178,0.9888888888888889,0.3266341140277549,0.38384643886152897
Quant,Historical90,daily_origins,180,178,178,0.9888888888888889,0.28363843256996085,0.32778684891193516
Quant,Ridge,daily_origins,180,178,178,0.9888888888888889,0.3290104984499741,0.40410347997013707
Quant,Persistence,nonoverlap_30d,6,6,6,1.0,0.33164256887754684,0.3950556602712125
Quant,Historical90,nonoverlap_30d,6,6,6,1.0,0.29740185749498843,0.3357358016450874
Quant,Ridge,nonoverlap_30d,6,6,6,1.0,0.3129209529159126,0.38493235101026
STEPN,Persistence,daily_origins,180,0,0,0.0,,
STEPN,Historical90,daily_origins,180,0,0,0.0,,
STEPN,Ridge,daily_origins,180,0,0,0.0,,
STEPN,Persistence,nonoverlap_30d,6,0,0,0.0,,
STEPN,Historical90,nonoverlap_30d,6,0,0,0.0,,
STEPN,Ridge,nonoverlap_30d,6,0,0,0.0,,
Shiba Inu,Persistence,daily_origins,180,0,0,0.0,,
Shiba Inu,Historical90,daily_origins,180,0,0,0.0,,
Shiba Inu,Ridge,daily_origins,180,0,0,0.0,,
Shiba Inu,Persistence,nonoverlap_30d,6,0,0,0.0,,
Shiba Inu,Historical90,nonoverlap_30d,6,0,0,0.0,,
Shiba Inu,Ridge,nonoverlap_30d,6,0,0,0.0,,
Stacks,Persistence,daily_origins,180,178,178,0.9888888888888889,0.34850436118578054,0.40269889702279216
Stacks,Historical90,daily_origins,180,178,178,0.9888888888888889,0.26845529143607094,0.30887083700900253
Stacks,Ridge,daily_origins,180,178,178,0.9888888888888889,0.27534091299225927,0.3325948935464275
Stacks,Persistence,nonoverlap_30d,6,6,6,1.0,0.38993164057963253,0.4316119536404775
Stacks,Historical90,nonoverlap_30d,6,6,6,1.0,0.2832267660974036,0.3160963501339267
Stacks,Ridge,nonoverlap_30d,6,6,6,1.0,0.28903981105418936,0.3566879314366864
Synthetix,Persistence,daily_origins,180,178,178,0.9888888888888889,0.37073778996694223,0.46085480577153815
Synthetix,Historical90,daily_origins,180,178,178,0.9888888888888889,0.3571790096205912,0.4205705926185777
Synthetix,Ridge,daily_origins,180,178,178,0.9888888888888889,0.31087441784316133,0.3974510122282222
Synthetix,Persistence,nonoverlap_30d,6,6,6,1.0,0.3464520339484822,0.47974239467773516
Synthetix,Historical90,nonoverlap_30d,6,6,6,1.0,0.38983897614832985,0.45435868112397704
Synthetix,Ridge,nonoverlap_30d,6,6,6,1.0,0.34501843245366204,0.4188835165544782
THORChain,Persistence,daily_origins,180,178,178,0.9888888888888889,0.3663344213146582,0.4247678886896569
THORChain,Historical90,daily_origins,180,178,178,0.9888888888888889,0.28889625391440693,0.35853575298265966
THORChain,Ridge,daily_origins,180,178,178,0.9888888888888889,0.23061505258897713,0.2870595328737212
THORChain,Persistence,nonoverlap_30d,6,6,6,1.0,0.4181073148644952,0.477247050803799
THORChain,Historical90,nonoverlap_30d,6,6,6,1.0,0.27649398575506856,0.3580718609119469
THORChain,Ridge,nonoverlap_30d,6,6,6,1.0,0.3200813634032255,0.3829604754744559
Tezos,Persistence,daily_origins,180,178,178,0.9888888888888889,0.2597441814042663,0.32606406728382026
Tezos,Historical90,daily_origins,180,178,178,0.9888888888888889,0.3059938110862726,0.3374393533555226
Tezos,Ridge,daily_origins,180,178,178,0.9888888888888889,0.23511919373656004,0.27090933533732814
Tezos,Persistence,nonoverlap_30d,6,6,6,1.0,0.23775238324412942,0.32066482504679683
Tezos,Historical90,nonoverlap_30d,6,6,6,1.0,0.3180452713308129,0.3487578017875605
Tezos,Ridge,nonoverlap_30d,6,6,6,1.0,0.20874518687318644,0.2405466908550014
The Graph,Persistence,daily_origins,180,180,180,1.0,0.21536302226197584,0.25265190560251505
The Graph,Historical90,daily_origins,180,180,180,1.0,1.0441724645043626,1.9868401472417594
The Graph,Ridge,daily_origins,180,180,180,1.0,1.6503741355610375,2.5446483316563544
The Graph,Persistence,nonoverlap_30d,6,6,6,1.0,0.22302753367807193,0.25863498706273774
The Graph,Historical90,nonoverlap_30d,6,6,6,1.0,1.4300015394757635,2.296046877863839
The Graph,Ridge,nonoverlap_30d,6,6,6,1.0,1.950298842221133,2.898123708845098
The Sandbox,Persistence,daily_origins,180,178,178,0.9888888888888889,0.3539751974315365,0.4497548908494515
The Sandbox,Historical90,daily_origins,180,178,178,0.9888888888888889,0.36965312054252175,0.4439798126151405
The Sandbox,Ridge,daily_origins,180,178,178,0.9888888888888889,0.6415765299366787,0.7538062741281635
The Sandbox,Persistence,nonoverlap_30d,6,6,6,1.0,0.37873045073201456,0.5007915061300939
The Sandbox,Historical90,nonoverlap_30d,6,6,6,1.0,0.43546228710933077,0.5441353674437159
The Sandbox,Ridge,nonoverlap_30d,6,6,6,1.0,0.6980109402710393,0.7688187701844911
Theta Network,Persistence,daily_origins,180,178,178,0.9888888888888889,0.3774167218414279,0.4404513972495047
Theta Network,Historical90,daily_origins,180,178,178,0.9888888888888889,0.30015773323004274,0.3611570463231832
Theta Network,Ridge,daily_origins,180,178,178,0.9888888888888889,0.29125390194585515,0.3391063765588191
Theta Network,Persistence,nonoverlap_30d,6,6,6,1.0,0.331932072060428,0.4302916009733793
Theta Network,Historical90,nonoverlap_30d,6,6,6,1.0,0.2869912501299714,0.37623370260952615
Theta Network,Ridge,nonoverlap_30d,6,6,6,1.0,0.3080379952048355,0.35873191603290633
TrueUSD,Persistence,daily_origins,180,178,178,0.9888888888888889,0.002898167335477509,0.004009894841913484
TrueUSD,Historical90,daily_origins,180,178,178,0.9888888888888889,0.00443303727368089,0.005797794232910079
TrueUSD,Ridge,daily_origins,180,178,178,0.9888888888888889,0.008185782805925234,0.009570986434295254
TrueUSD,Persistence,nonoverlap_30d,6,6,6,1.0,0.0033892997766097528,0.005333421012404394
TrueUSD,Historical90,nonoverlap_30d,6,6,6,1.0,0.004978476408848046,0.006107432580463562
TrueUSD,Ridge,nonoverlap_30d,6,6,6,1.0,0.00836504410747057,0.00967741806774159
Trust Wallet Token,Persistence,daily_origins,180,178,178,0.9888888888888889,0.3615757738759544,0.41682332288035717
Trust Wallet Token,Historical90,daily_origins,180,178,178,0.9888888888888889,0.31181235926129397,0.3640539882249476
Trust Wallet Token,Ridge,daily_origins,180,178,178,0.9888888888888889,0.2520203114308465,0.31096708409746493
Trust Wallet Token,Persistence,nonoverlap_30d,6,6,6,1.0,0.3764686999833926,0.45821218483379744
Trust Wallet Token,Historical90,nonoverlap_30d,6,6,6,1.0,0.31056373235871354,0.3601405690111399
Trust Wallet Token,Ridge,nonoverlap_30d,6,6,6,1.0,0.31169280718393133,0.3389099042559426
USDD,Persistence,daily_origins,84,0,0,0.0,,
USDD,Historical90,daily_origins,84,0,0,0.0,,
USDD,Ridge,daily_origins,84,0,0,0.0,,
USDD,Persistence,nonoverlap_30d,3,0,0,0.0,,
USDD,Historical90,nonoverlap_30d,3,0,0,0.0,,
USDD,Ridge,nonoverlap_30d,3,0,0,0.0,,
VeChain,Persistence,daily_origins,180,178,178,0.9888888888888889,0.25325005141066564,0.3050168565476189
VeChain,Historical90,daily_origins,180,178,178,0.9888888888888889,0.29785759401673606,0.34933429420400713
VeChain,Ridge,daily_origins,180,178,178,0.9888888888888889,0.23716233725690847,0.27760156467015407
VeChain,Persistence,nonoverlap_30d,6,6,6,1.0,0.24122460462728715,0.29829299309944435
VeChain,Historical90,nonoverlap_30d,6,6,6,1.0,0.26204026497300675,0.33169405338250957
VeChain,Ridge,nonoverlap_30d,6,6,6,1.0,0.16523980698969049,0.2374643216412822
Waves,Persistence,daily_origins,180,178,178,0.9888888888888889,0.5852151776178766,0.7212935283607055
Waves,Historical90,daily_origins,180,178,178,0.9888888888888889,0.5835080336623282,0.6771961746337976
Waves,Ridge,daily_origins,180,178,178,0.9888888888888889,0.723407724113124,0.9151203842921045
Waves,Persistence,nonoverlap_30d,6,6,6,1.0,0.5784006235617266,0.8011416366207215
Waves,Historical90,nonoverlap_30d,6,6,6,1.0,0.5363173807592323,0.6516391831690506
Waves,Ridge,nonoverlap_30d,6,6,6,1.0,0.7907689903401595,0.9695912346983772
Zcash,Persistence,daily_origins,180,178,178,0.9888888888888889,0.3075986612949233,0.33753163772311834
Zcash,Historical90,daily_origins,180,178,178,0.9888888888888889,0.24636787167436672,0.28559387463292374
Zcash,Ridge,daily_origins,180,178,178,0.9888888888888889,0.18929776522083042,0.24530220267731564
Zcash,Persistence,nonoverlap_30d,6,6,6,1.0,0.3376149247211453,0.3731695118891252
Zcash,Historical90,nonoverlap_30d,6,6,6,1.0,0.3112938107696548,0.34212484993751524
Zcash,Ridge,nonoverlap_30d,6,6,6,1.0,0.19702814123875836,0.2503479625791441
Zilliqa,Persistence,daily_origins,180,178,178,0.9888888888888889,0.8403354089867386,1.1223965453040259
Zilliqa,Historical90,daily_origins,180,178,178,0.9888888888888889,0.8675419816410908,1.1157911489778527
Zilliqa,Ridge,daily_origins,180,178,178,0.9888888888888889,0.660772804298695,0.9674460453943597
Zilliqa,Persistence,nonoverlap_30d,6,6,6,1.0,0.5283660771896377,0.7262359758339016
Zilliqa,Historical90,nonoverlap_30d,6,6,6,1.0,0.720238767363366,0.8890546241612608
Zilliqa,Ridge,nonoverlap_30d,6,6,6,1.0,0.7663056459157209,0.909108731399335
avalanche,Persistence,daily_origins,180,180,180,1.0,0.3896858372922381,0.504280526438326
avalanche,Historical90,daily_origins,180,180,180,1.0,0.35984962296301676,0.4483535792160314
avalanche,Ridge,daily_origins,180,180,180,1.0,0.31638056823468197,0.39323368479141263
avalanche,Persistence,nonoverlap_30d,6,6,6,1.0,0.39322571140797447,0.5443330852273459
avalanche,Historical90,nonoverlap_30d,6,6,6,1.0,0.3758705961668585,0.463771840565123
avalanche,Ridge,nonoverlap_30d,6,6,6,1.0,0.3975426614563768,0.4724807767425877
bitcoin,Persistence,daily_origins,180,180,180,1.0,0.2116550692678495,0.2354312855208099
bitcoin,Historical90,daily_origins,180,180,180,1.0,0.16395920449624843,0.17746534213413812
bitcoin,Ridge,daily_origins,180,180,180,1.0,0.16127927519349358,0.19013569426801058
bitcoin,Persistence,nonoverlap_30d,6,6,6,1.0,0.23358559784629473,0.2580690228825824
bitcoin,Historical90,nonoverlap_30d,6,6,6,1.0,0.16361727964685815,0.1778892798631136
bitcoin,Ridge,nonoverlap_30d,6,6,6,1.0,0.1647301700568006,0.19832599632174985
bitcoin cash,Persistence,daily_origins,180,180,180,1.0,0.1671732343891294,0.21561601672828132
bitcoin cash,Historical90,daily_origins,180,180,180,1.0,0.1321482604351784,0.1841325853614698
bitcoin cash,Ridge,daily_origins,180,180,180,1.0,0.1531796691193608,0.18013494570534816
bitcoin cash,Persistence,nonoverlap_30d,6,6,6,1.0,0.1759353462073039,0.2217399198731592
bitcoin cash,Historical90,nonoverlap_30d,6,6,6,1.0,0.16016524024323833,0.20027495058393358
bitcoin cash,Ridge,nonoverlap_30d,6,6,6,1.0,0.1497505015792476,0.17532412071690504
cardano,Persistence,daily_origins,180,180,180,1.0,0.31638498767736317,0.4071413016334984
cardano,Historical90,daily_origins,180,180,180,1.0,0.33363114511468894,0.4030500298099348
cardano,Ridge,daily_origins,180,180,180,1.0,0.28208205082800253,0.3348296815276673
cardano,Persistence,nonoverlap_30d,6,6,6,1.0,0.3806940800588519,0.4526640234064123
cardano,Historical90,nonoverlap_30d,6,6,6,1.0,0.3357142118135068,0.40181403675462096
cardano,Ridge,nonoverlap_30d,6,6,6,1.0,0.35542095464216644,0.38421393676010046
chainlink,Persistence,daily_origins,180,180,180,1.0,0.28994422807084,0.3906578453926732
chainlink,Historical90,daily_origins,180,180,180,1.0,0.3328436178807705,0.37157906636434296
chainlink,Ridge,daily_origins,180,180,180,1.0,0.33235357459334086,0.37511781446031184
chainlink,Persistence,nonoverlap_30d,6,6,6,1.0,0.3146954377122659,0.43039951234376517
chainlink,Historical90,nonoverlap_30d,6,6,6,1.0,0.3489169953209321,0.3879664519004954
chainlink,Ridge,nonoverlap_30d,6,6,6,1.0,0.4240104731819943,0.4314595632249732
cosmos,Persistence,daily_origins,180,180,180,1.0,0.6775546043077257,0.7677190203742311
cosmos,Historical90,daily_origins,180,180,180,1.0,0.6340720189303274,0.7381304882166572
cosmos,Ridge,daily_origins,180,180,180,1.0,0.4925577128663443,0.6588840583605408
cosmos,Persistence,nonoverlap_30d,6,6,6,1.0,0.7365552451476952,0.7746539016415005
cosmos,Historical90,nonoverlap_30d,6,6,6,1.0,0.574477474158655,0.734166340349736
cosmos,Ridge,nonoverlap_30d,6,6,6,1.0,0.4322381131437729,0.5905420681869359
dai,Persistence,daily_origins,180,180,180,1.0,0.004609297715586126,0.005511722470435213
dai,Historical90,daily_origins,180,180,180,1.0,0.006118501605733637,0.007416168270752452
dai,Ridge,daily_origins,180,180,180,1.0,0.016519638041041434,0.017011169483054034
dai,Persistence,nonoverlap_30d,6,6,6,1.0,0.005521228070726219,0.005882366942698822
dai,Historical90,nonoverlap_30d,6,6,6,1.0,0.005584149127981042,0.007000795222803625
dai,Ridge,nonoverlap_30d,6,6,6,1.0,0.016520284440522736,0.016864954358485444
dogecoin,Persistence,daily_origins,180,180,180,1.0,0.28320749305108917,0.35839469720857065
dogecoin,Historical90,daily_origins,180,180,180,1.0,0.32161445426236906,0.3695458385440916
dogecoin,Ridge,daily_origins,180,180,180,1.0,0.24192010019740126,0.2652208169759847
dogecoin,Persistence,nonoverlap_30d,6,6,6,1.0,0.206886977623245,0.31687835560548244
dogecoin,Historical90,nonoverlap_30d,6,6,6,1.0,0.3075693542998786,0.3502633789592433
dogecoin,Ridge,nonoverlap_30d,6,6,6,1.0,0.24179705269997084,0.24887466982445242
eCash,Persistence,daily_origins,180,0,0,0.0,,
eCash,Historical90,daily_origins,180,0,0,0.0,,
eCash,Ridge,daily_origins,180,0,0,0.0,,
eCash,Persistence,nonoverlap_30d,6,0,0,0.0,,
eCash,Historical90,nonoverlap_30d,6,0,0,0.0,,
eCash,Ridge,nonoverlap_30d,6,0,0,0.0,,
ethereum,Persistence,daily_origins,180,180,180,1.0,0.17731121648399034,0.21588606631449955
ethereum,Historical90,daily_origins,180,180,180,1.0,0.18331133736563446,0.2221563209219858
ethereum,Ridge,daily_origins,180,180,180,1.0,0.20094383425226284,0.23509359624947668
ethereum,Persistence,nonoverlap_30d,6,6,6,1.0,0.18752857251403623,0.22516030389932978
ethereum,Historical90,nonoverlap_30d,6,6,6,1.0,0.17303666075240898,0.23246885527564085
ethereum,Ridge,nonoverlap_30d,6,6,6,1.0,0.2159386049470725,0.2517324218756633
ethereum classic,Persistence,daily_origins,180,180,180,1.0,0.26410437784601337,0.33196785513741495
ethereum classic,Historical90,daily_origins,180,180,180,1.0,0.24901379009408214,0.31365576789061894
ethereum classic,Ridge,daily_origins,180,180,180,1.0,0.27836184675109776,0.3839835757866377
ethereum classic,Persistence,nonoverlap_30d,6,6,6,1.0,0.2595843642077217,0.28806291849792426
ethereum classic,Historical90,nonoverlap_30d,6,6,6,1.0,0.19206461732064598,0.23024313663448134
ethereum classic,Ridge,nonoverlap_30d,6,6,6,1.0,0.22896099465829103,0.27485180210370563
ftx token,Persistence,daily_origins,180,180,180,1.0,0.18029090806319453,0.20877492294189673
ftx token,Historical90,daily_origins,180,180,180,1.0,0.16977796901479275,0.18467859646602072
ftx token,Ridge,daily_origins,180,180,180,1.0,0.14009801923707532,0.16522598027015384
ftx token,Persistence,nonoverlap_30d,6,6,6,1.0,0.19458061158471487,0.23150088186641177
ftx token,Historical90,nonoverlap_30d,6,6,6,1.0,0.18238685029614624,0.18618346970943747
ftx token,Ridge,nonoverlap_30d,6,6,6,1.0,0.17853771108197702,0.19405850660762067
litecoin,Persistence,daily_origins,180,180,180,1.0,0.23905709314344825,0.3042657874650881
litecoin,Historical90,daily_origins,180,180,180,1.0,0.22679550202747728,0.2737751971905139
litecoin,Ridge,daily_origins,180,180,180,1.0,0.19500339078198342,0.23047447567893023
litecoin,Persistence,nonoverlap_30d,6,6,6,1.0,0.24003054844035962,0.3284422649055396
litecoin,Historical90,nonoverlap_30d,6,6,6,1.0,0.24601681685309482,0.29375564565844386
litecoin,Ridge,nonoverlap_30d,6,6,6,1.0,0.22689605716925665,0.26597485624710543
monero,Persistence,daily_origins,180,180,180,1.0,0.37466342864337526,0.41712356144930796
monero,Historical90,daily_origins,180,180,180,1.0,0.2908486555410596,0.3413211078799098
monero,Ridge,daily_origins,180,180,180,1.0,0.24153882539301058,0.28402535965601095
monero,Persistence,nonoverlap_30d,6,6,6,1.0,0.4152814344786249,0.43357172917801107
monero,Historical90,nonoverlap_30d,6,6,6,1.0,0.2824602107248844,0.33798178993787426
monero,Ridge,nonoverlap_30d,6,6,6,1.0,0.22670897388787256,0.27196011390455394
near protocol,Persistence,daily_origins,180,180,180,1.0,0.30648840869198113,0.3887152470786242
near protocol,Historical90,daily_origins,180,180,180,1.0,0.32679073981966317,0.3611102523451253
near protocol,Ridge,daily_origins,180,180,180,1.0,0.392503490692627,0.46343089632188605
near protocol,Persistence,nonoverlap_30d,6,6,6,1.0,0.38321803232791557,0.4327026713361195
near protocol,Historical90,nonoverlap_30d,6,6,6,1.0,0.34329457568981275,0.38984271051708763
near protocol,Ridge,nonoverlap_30d,6,6,6,1.0,0.41901391457776466,0.4991696866086715
polkadot,Persistence,daily_origins,180,180,180,1.0,0.3018772215387718,0.40466747117866947
polkadot,Historical90,daily_origins,180,180,180,1.0,0.30028414997723946,0.3911576922736005
polkadot,Ridge,daily_origins,180,180,180,1.0,0.3999472734187858,0.47607319746635723
polkadot,Persistence,nonoverlap_30d,6,6,6,1.0,0.3442098456554222,0.46289272279013055
polkadot,Historical90,nonoverlap_30d,6,6,6,1.0,0.3322108966356633,0.4352539565387054
polkadot,Ridge,nonoverlap_30d,6,6,6,1.0,0.43097116576428496,0.4845805098347317
polygon,Persistence,daily_origins,180,180,180,1.0,0.33505165382480395,0.43740532479350136
polygon,Historical90,daily_origins,180,180,180,1.0,0.3488802252543789,0.41648217903460333
polygon,Ridge,daily_origins,180,180,180,1.0,0.40258549286596185,0.44809476201561094
polygon,Persistence,nonoverlap_30d,6,6,6,1.0,0.27383179459212525,0.43879050472424297
polygon,Historical90,nonoverlap_30d,6,6,6,1.0,0.37070084098392675,0.43638919272912313
polygon,Ridge,nonoverlap_30d,6,6,6,1.0,0.4107200774842396,0.4515725751275329
solana,Persistence,daily_origins,180,0,0,0.0,,
solana,Historical90,daily_origins,180,0,0,0.0,,
solana,Ridge,daily_origins,180,0,0,0.0,,
solana,Persistence,nonoverlap_30d,6,0,0,0.0,,
solana,Historical90,nonoverlap_30d,6,0,0,0.0,,
solana,Ridge,nonoverlap_30d,6,0,0,0.0,,
stellar,Persistence,daily_origins,180,180,180,1.0,0.2018079031324686,0.254234333593826
stellar,Historical90,daily_origins,180,180,180,1.0,0.1900902450601844,0.2397351750082008
stellar,Ridge,daily_origins,180,180,180,1.0,0.2457636478717566,0.2763429478039576
stellar,Persistence,nonoverlap_30d,6,6,6,1.0,0.1898756381714243,0.26151275351974945
stellar,Historical90,nonoverlap_30d,6,6,6,1.0,0.19448342064209878,0.23565838858437163
stellar,Ridge,nonoverlap_30d,6,6,6,1.0,0.2626836892667275,0.2932906053933705
tether,Persistence,daily_origins,180,180,180,1.0,0.00393220064177672,0.005623074435946306
tether,Historical90,daily_origins,180,180,180,1.0,0.003651568881053641,0.005285861276424762
tether,Ridge,daily_origins,180,180,180,1.0,0.00947215550700859,0.010287009854548022
tether,Persistence,nonoverlap_30d,6,6,6,1.0,0.0035219800705796694,0.005466468556884679
tether,Historical90,nonoverlap_30d,6,6,6,1.0,0.0030576262163319787,0.004783660845315023
tether,Ridge,nonoverlap_30d,6,6,6,1.0,0.008494300577362028,0.008952124616853827
tron,Persistence,daily_origins,180,180,180,1.0,0.39115784190306785,0.4741529198903167
tron,Historical90,daily_origins,180,180,180,1.0,0.3762046236701835,0.4912280825322468
tron,Ridge,daily_origins,180,180,180,1.0,0.3326190321756947,0.3836055362047605
tron,Persistence,nonoverlap_30d,6,6,6,1.0,0.39563586298932035,0.4526994667232164
tron,Historical90,nonoverlap_30d,6,6,6,1.0,0.35512899298494904,0.4760254530205405
tron,Ridge,nonoverlap_30d,6,6,6,1.0,0.30794307583899494,0.3698234848133277
uniswap,Persistence,daily_origins,180,180,180,1.0,0.1917989428573558,0.26758897876705073
uniswap,Historical90,daily_origins,180,180,180,1.0,0.23249777950134845,0.28478471316407855
uniswap,Ridge,daily_origins,180,180,180,1.0,0.3181741859036088,0.36153031437976807
uniswap,Persistence,nonoverlap_30d,6,6,6,1.0,0.2170586272161493,0.31968913267844895
uniswap,Historical90,nonoverlap_30d,6,6,6,1.0,0.2781490753143209,0.32671612280112877
uniswap,Ridge,nonoverlap_30d,6,6,6,1.0,0.28109515284067604,0.34533322527408844
unus sed leo,Persistence,daily_origins,180,180,180,1.0,0.3796847085722058,0.6842616976211656
unus sed leo,Historical90,daily_origins,180,180,180,1.0,0.47623008536677325,0.6162430142679002
unus sed leo,Ridge,daily_origins,180,180,180,1.0,0.4593098293220171,0.6184423815467348
unus sed leo,Persistence,nonoverlap_30d,6,6,6,1.0,0.5583223048195843,0.887081085284807
unus sed leo,Historical90,nonoverlap_30d,6,6,6,1.0,0.6543696029212615,0.7980881895651369
unus sed leo,Ridge,nonoverlap_30d,6,6,6,1.0,0.5719271261105984,0.7662173583883332
usd coin,Persistence,daily_origins,180,180,180,1.0,0.006849317612111574,0.010961596722679283
usd coin,Historical90,daily_origins,180,180,180,1.0,0.0078078946322175736,0.010208563047317532
usd coin,Ridge,daily_origins,180,180,180,1.0,0.00521711552911704,0.008360009810956784
usd coin,Persistence,nonoverlap_30d,6,6,6,1.0,0.00672480883971108,0.01115808739875433
usd coin,Historical90,nonoverlap_30d,6,6,6,1.0,0.007071972782471773,0.009776857747532902
usd coin,Ridge,nonoverlap_30d,6,6,6,1.0,0.004872877481431043,0.008295471358139458
wrapped bitcoin,Persistence,daily_origins,180,180,180,1.0,0.21493184750297126,0.2393211947163604
wrapped bitcoin,Historical90,daily_origins,180,180,180,1.0,0.1672920135580058,0.18121598684222415
wrapped bitcoin,Ridge,daily_origins,180,180,180,1.0,0.20959834633383945,0.2505689040905363
wrapped bitcoin,Persistence,nonoverlap_30d,6,6,6,1.0,0.23666882639474696,0.26219346965960644
wrapped bitcoin,Historical90,nonoverlap_30d,6,6,6,1.0,0.16695984384829918,0.18180179243003772
wrapped bitcoin,Ridge,nonoverlap_30d,6,6,6,1.0,0.18586832970355016,0.22786157356923353
xrp,Persistence,daily_origins,180,180,180,1.0,0.3111762914326597,0.3580970624275744
xrp,Historical90,daily_origins,180,180,180,1.0,0.2393988456136912,0.2679679120456247
xrp,Ridge,daily_origins,180,180,180,1.0,0.25487066713734563,0.2789432550061359
xrp,Persistence,nonoverlap_30d,6,6,6,1.0,0.33865071705366906,0.3776970191545986
xrp,Historical90,nonoverlap_30d,6,6,6,1.0,0.2554567445138746,0.2806666697973221
xrp,Ridge,nonoverlap_30d,6,6,6,1.0,0.2750705633954149,0.30287903772819985
