Date,bitcoin,ethereum,BNB,xrp,cardano,dogecoin,litecoin
2021-08-24,100.0,100.0,100.0,100.0,100.0,100.0,100.0
2021-08-25,102.68219228036644,101.7297668643603,106.61388809078225,103.3476485497043,100.58732838998606,100.77092549711344,102.44182027649771
2021-08-26,98.14920768652009,97.48775707001631,101.57139861931867,94.29386088425795,93.04382938110271,92.51703309638678,96.54953917050693
2021-08-27,102.82847843536689,103.16141759578477,104.85654141138039,104.83226555899748,108.1381690037442,101.78676214805003,101.45161290322582
2021-08-28,102.4780623162254,102.22610186369853,103.09618565427057,100.75682906223598,104.49673298583069,95.3828801130035,101.07142857142858
2021-08-29,102.22719623093093,101.54100199794532,101.84216384395765,100.33177274007323,104.71698113207546,93.80659397806693,100.39861751152075
2021-08-30,98.48683948552542,101.65161379779784,97.43324377282693,96.86091945930723,100.40745907055282,95.55716409047307,96.38767281105991
2021-08-31,98.77542979417245,108.11405305584792,98.47820262935151,104.38520839200226,101.65553189927317,97.76452688576317,98.78456221198158
2021-09-01,102.31521941875357,120.78209790562386,103.91718500456861,108.80473810194312,105.35202995374789,103.42418822669568,104.17108294930877
2021-09-02,103.26859437447999,119.31546737424603,102.61359430125981,110.36503801745987,108.69246017179354,103.62623114412513,105.70276497695852
2021-09-03,104.78741352245744,124.0456187012725,103.60674525212836,113.50851872711911,108.8466338741649,104.02645181012883,122.52304147465438
2021-09-04,104.61849283344546,122.42835443676219,105.61561200110788,110.42840045057731,103.89105058365757,105.14032319839208,122.25748847926268
2021-09-05,108.49612383605054,124.49720476733705,107.00269975746185,114.93329343846803,106.86440055796196,110.47109380764812,133.36981566820276
2021-09-06,110.38967026933,123.75947763498736,105.15898931227368,122.31061672768233,103.96813743484326,108.5764583106401,126.39400921658985
2021-09-07,98.04022659683494,107.87392145616809,88.53113004133762,98.85771613629963,91.94258864987887,89.35637910981647,102.50460829493089
2021-09-08,96.53503008506813,110.14225118647698,88.02314595515244,96.71835398479301,90.66514940165919,90.20812177390168,103.43721198156683
2021-09-09,97.21448526345131,107.88621165615172,89.32868447005288,95.63591241903688,92.36106012774391,88.67294698042468,103.8594470046083
2021-09-10,93.98110016410038,101.07176846523764,85.16235430239873,92.82772458462406,87.45686807136039,84.17810698084634,100.25403225806451
2021-09-11,94.64986681253367,102.96445926271404,85.99051719898222,94.93980568853843,96.74032743557743,84.67144307836104,102.8341013824885
2021-09-12,96.53691629623576,107.40626359012498,88.35607290121683,98.4916220782878,94.82783936568534,88.06365581725481,105.55241935483872
2021-09-13,94.20472097697356,103.50617346199175,84.6198661251621,93.65407631653056,88.23140738565449,82.86324681211414,103.2655529953917
2021-09-14,98.66456249331968,108.05512312259316,87.83719789506925,96.39274148127286,87.8569855370384,84.45112845361622,105.35080645161293
2021-09-15,100.87163913846257,113.82300851490265,91.481592209789,98.62450718107574,91.86183099625578,86.93116134268939,108.85426267281106
2021-09-16,100.06978981320222,112.48463725002047,90.04523323264249,95.95008448324415,88.7453197268923,85.08361062991712,106.71140552995394
2021-09-17,99.0948282185574,107.10279019052962,86.2249211168661,93.81248239932413,86.17575802070331,84.27227654931781,103.57718894009219
2021-09-18,101.24070779026171,108.27886778896149,87.1105282775651,94.65379470571669,87.06776301299463,84.81515708397606,104.45334101382488
2021-09-19,99.00240387134363,104.91166812678443,86.61483934760606,92.22842157138835,83.7934072388224,81.86111394166406,101.12903225806451
2021-09-20,89.84778275877245,93.78525554161966,76.75347694075806,81.05727259926782,75.92687761544673,72.94627766670298,90.4320276497696
2021-09-21,85.19659559842147,87.02470015063372,73.05723589357312,76.8471909321318,72.79201233389618,70.47784028419532,85.32949308755761
2021-09-22,91.27501587561066,96.9911069373452,80.45886170149431,88.33163193466629,82.92709786359298,78.86841911080033,93.00691244239631
2021-09-23,94.03642902501744,99.35901880085464,81.38763780281676,88.12570402703463,85.44526833565817,78.94361421398278,94.3778801843318
2021-09-24,89.74152619632945,92.28900247694799,75.34344901134001,83.1323922838637,83.620879524264,73.48810406440074,87.5697004608295
2021-09-25,89.46257652253918,92.09929221053427,74.19072634606077,82.73549704308645,84.37339402393363,73.22140741339386,86.94700460829493
2021-09-26,90.54526173275742,96.54141167127813,72.98241663236965,83.12007181075754,81.06600102782468,71.98279648480462,86.89458525345621
2021-09-27,88.38492120876795,92.21557641037921,71.2880535085199,81.12943537031822,78.21378753395491,70.15843678516337,83.5541474654378
2021-09-28,85.97413375752127,88.46675028204433,70.61827810866848,78.59669811320754,74.76323324278688,69.13592393347693,81.00748847926266
2021-09-29,87.05241780834838,89.86026988018631,78.03077542314752,81.56065192903408,75.83143675207398,69.81830192590823,83.43894009216591
2021-09-30,91.84444206921557,94.55859274058854,82.07401813470831,83.89274148127288,77.6888627854049,71.77688839852,88.32373271889402
2021-10-01,100.90391430733088,104.28171659429104,89.40781350707037,91.62823852435935,82.85735261728213,78.29110343543236,95.69700460829493
2021-10-02,99.89982122909711,106.79774112426968,90.77660089405198,91.1891016615038,82.54900521253946,76.82339340742746,97.37327188940093
2021-10-03,101.01729655640715,107.69177438974428,91.28773642291196,92.8462052942833,82.63343366859995,77.91899308837533,98.21370967741936
2021-10-04,103.1700922357261,106.60645519119139,90.27841410603861,91.66343987609125,80.39057337934071,84.78564124908203,96.56624423963135
2021-10-05,107.86885383330504,110.84058665221255,93.87413254437257,95.46782596451703,81.96901842742822,88.51763746824413,100.07546082949308
2021-10-06,115.945819632105,112.67308698310255,92.32518229186888,94.70835680090116,81.12106306438588,89.33143120175127,102.786866359447
2021-10-07,112.71976979840595,113.00681318265757,93.03773836425242,93.85648408898902,83.55480508039057,85.32184558299045,102.79953917050693
2021-10-08,112.99389915476783,112.16918878377442,88.86897504989246,93.4507885102788,82.03509287130166,85.54391710266943,101.23905529953919
2021-10-09,115.14795230819853,112.63495584982005,89.387940651928,102.0355181638975,83.16570002202481,86.64830125828816,103.57718894009219
2021-10-10,114.6139449687413,107.61897858984135,85.89338546479574,99.95159814136862,80.37221936715365,80.52130586486668,100.71428571428571
2021-10-11,120.46036127231233,111.71665731771112,87.67179568815342,100.1205646296818,79.71147492841935,81.29012308805909,103.26036866359448
2021-10-12,117.39757349412237,109.97838185336215,94.12039805244726,96.86443959448042,77.70721679759194,79.42711169986613,99.44066820276497
2021-10-13,120.25665046620853,113.67741691509679,99.82065896860462,99.25549141087019,80.30614492328021,81.7128320092202,102.26382488479263
2021-10-14,120.18476486282006,119.44845364073538,100.09053117663352,99.72190932131794,79.74818295279347,81.70650718745718,104.32891705069125
2021-10-15,129.25262026168036,121.85890850418812,100.44681891952756,100.43385666009577,81.35232361794287,82.2321701517606,109.30069124423964
2021-10-16,127.55209610455478,120.61885883917485,98.73768866593672,99.79583215995493,79.89501505028998,83.28314470138058,106.9360599078341
2021-10-17,128.9487306846737,121.18357777175521,99.794334392011,96.18241340467473,79.18287937743189,83.51470345370406,105.8352534562212
2021-10-18,130.05698453516425,118.09936784253416,102.86592326269441,95.31998028724303,78.14404228764408,86.85561486052012,106.8836405529954
2021-10-19,134.71424948705538,122.1702602371063,103.51008591078634,96.02312728808786,77.47595624403493,86.25054024519225,108.72695852534562
2021-10-20,138.278350277797,131.09200002521067,106.23942940121296,100.64594480428049,80.31715733059247,89.51309413794436,119.4193548387097
2021-10-21,130.37952664482853,127.76009529631986,99.92821570104392,95.7793579273444,78.43770648263711,85.14650746856037,113.33006912442399
2021-10-22,127.1941351407428,125.13755569981659,101.49443741247791,95.85240073218813,79.10212172380882,85.90232366923993,109.98271889400924
2021-10-23,128.49813579462935,131.37435949150085,103.03458692157761,96.2352154322726,79.45818956023787,88.22353325626422,113.10483870967742
2021-10-24,127.56341337156056,128.66263716178315,101.06821611519656,95.25045761757251,77.79164525365245,96.87624080704725,109.70103686635946
2021-10-25,132.17519967641002,132.98374542268834,102.76712197571511,96.38746127851309,78.73137067763012,93.06167052597921,112.56970046082951
2021-10-26,126.39878276505985,130.13462495982048,101.36337104710726,97.39686003942552,78.44137728507451,89.85533727112052,113.78456221198157
2021-10-27,122.47399648326407,123.59308723520921,95.21041542097319,87.43047733032948,70.13802217164672,83.43564318166645,103.50518433179722
2021-10-28,126.96820895866475,135.031481819958,104.32999811042862,93.10141509433963,72.88745319726891,105.28544271995446,109.63076036866359
2021-10-29,130.4478494049004,139.09039914787945,112.3043322953633,95.12989298789074,73.86021584318331,101.21190612558988,113.19009216589862
2021-10-30,129.60387469689636,136.15808348512252,111.94365712303697,95.40094339622641,71.75317524410836,94.3505286496857,109.1889400921659
2021-10-31,128.4920580030892,135.11530728651294,111.18945929785598,97.90991974091806,72.12759709272447,98.3608170264202,110.45103686635944
2021-11-01,127.66568793264969,136.1643861517808,116.8916939101444,96.10409039707125,71.536597900301,95.48232036627745,113.63940092165899
2021-11-02,132.4994184182233,144.52203727397062,117.56848402017958,99.89527597859758,72.29278320240805,96.03222848067242,115.4458525345622
2021-11-03,131.86397483375146,145.03097760662536,120.56494301518646,106.49288932695016,75.69928786432712,94.49002610745872,119.04032258064517
2021-11-04,128.70792439227324,142.91643294277807,118.69013876701584,105.73342016333427,72.81403714852065,92.62033851851594,116.78917050691244
2021-11-05,127.78933955363863,141.0221664786371,129.06147836958465,101.93519431146156,72.73695029733499,91.65896561053857,115.36808755760369
2021-11-06,128.8573542325531,142.35707127685723,134.8855126821301,101.30949028442693,73.58123485793995,91.93128432533477,113.82488479262673
2021-11-07,132.60735161281534,145.34138393954484,137.92627306636018,107.17931568572232,74.09514719917773,93.5602773082964,116.30184331797236
2021-11-08,141.52431011826542,151.5280815312959,138.74497516378443,112.80713179386088,78.02657660964685,99.17144834904585,131.85483870967744
2021-11-09,140.21758493713676,149.11573586784567,134.68972202593113,110.53928470853282,83.22810366346083,96.07790774896078,151.036866359447
2021-11-10,136.08510584788337,146.033731871955,130.46734535929033,104.92026893832723,77.10153439541884,89.83390315292367,150.05760368663596
2021-11-11,135.82124586343411,148.77034973497285,133.56624241906553,106.9232258518727,76.35269069818662,91.61188082630282,151.20967741935485
2021-11-12,134.41245570023494,147.08249560389,132.87713126826478,104.57969586032105,75.07525144996696,91.19760500082575,144.81566820276498
2021-11-13,134.9659538884243,146.36714293817712,137.85207503410288,104.66857927344411,75.26980397914984,91.82411373435045,148.4447004608295
2021-11-14,137.2914426790905,145.76775933897633,138.02467314297843,104.54097437341593,74.87702811834667,92.31007087314165,160.9447004608295
2021-11-15,133.28785468629164,143.79470954160703,134.2355260126679,103.15844128414531,74.06945158211585,90.20249971011233,151.32488479262673
2021-11-16,125.93414608076756,132.61314862318244,125.06966823785821,95.79255843424389,68.85324131855222,83.26452161507838,132.6036866359447
2021-11-17,126.51824280567625,135.21993155304008,122.58234519104086,96.42530273162488,68.89729094780118,83.48518761881002,132.37327188940094
2021-11-18,119.36635879508832,126.11226309851698,112.85893443705008,91.64055899746552,65.65597239556567,77.78968562122049,117.9147465437788
2021-11-19,121.73061970420018,135.36331721951558,123.31137030163252,95.89112221909322,68.4127450260627,81.87727737505843,125.51843317972352
2021-11-20,125.15556002657462,138.9375594814166,128.0419510730436,96.46402421852999,70.49776081051317,81.89590046136061,130.6451612903226
2021-11-21,123.05285373270713,134.50142755399807,124.10939065205744,93.1066952970994,67.50238602158431,79.39548759105108,127.8225806451613
2021-11-22,118.01143043967583,128.79341749494208,118.56072901216832,91.12573922838637,65.21180530063872,77.1874220377873,120.44930875576037
2021-11-23,120.66134755117395,136.7751145509665,125.41248307798236,94.34754294564911,64.26840907422363,79.66956320078147,124.65437788018434
2021-11-24,119.81988779139343,134.67349035376867,123.28263846287251,90.91629118558153,61.1702518170472,76.36203279771463,122.23502304147465
2021-11-25,123.51560420583174,142.4497204767337,128.0186679298322,91.75848352576739,61.48227002422729,77.66775711278915,128.28341013824885
2021-11-26,112.60869291853454,127.14148856381135,124.07823860886131,82.59469163615883,56.15960648997871,70.67426113783543,112.38479262672811
2021-11-27,114.77783576130626,129.04079716127893,127.29910361839976,83.20455505491411,56.65516481902944,72.05623469305289,112.44239631336406
2021-11-28,120.07096345570653,135.41216288611707,129.63797883162366,85.2779146719234,58.5052492474855,72.91008563105909,114.97695852534562
2021-11-29,121.1257746564476,140.0206727466391,132.38254243123123,87.07934384680372,58.78790103516628,75.53031873587896,118.37557603686636
2021-11-30,119.21462358560362,145.87206847217055,132.0347448172681,87.79305125316812,57.018574260333295,75.34443925184387,119.87327188940091
2021-12-01,119.90078529258281,144.43443020742075,133.15894919123755,87.08638411715009,56.79098450921371,73.55486607189917,120.27649769585254
2021-12-02,118.40376236254238,142.21652181037797,131.35625926990068,85.55424528301887,63.13780192350047,73.60230223512173,117.22350230414746
2021-12-03,112.400371374021,132.96420715604773,126.09026974278532,81.08191354548015,57.09199030908155,70.25190359566118,108.29493087557604
2021-12-04,103.10281737074737,129.94396929340803,120.6706425319221,74.53622219093214,52.24286028925923,62.877512798979595,93.83640552995392
2021-12-05,103.54356204691638,132.1921304904105,118.27575317538587,70.75999718389187,50.56530357536156,60.20387008816098,89.97695852534562
2021-12-06,105.96755297633645,137.18730895041693,124.94949926358485,72.75063362433117,52.18779825269804,62.648413699563946,93.08755760368663
2021-12-07,106.03692363150141,135.73044755235938,122.92100556258751,71.75619543790481,50.59466999486087,61.96217053827747,93.26036866359448
2021-12-08,105.78270428190895,139.78495301362003,128.83770652626893,75.81315122500705,51.18199838484693,62.88313486276894,95.04608294930877
2021-12-09,99.75248717900354,129.44700402740398,121.21596506622558,75.51481976907914,47.33499743043829,59.435052864968576,87.26958525345623
2021-12-10,98.78968116743897,123.01166623598444,117.25449161470345,70.328780625176,44.394684678070625,57.61139592330099,85.48387096774194
2021-12-11,103.35284513996737,128.43763196208315,119.66241383683939,73.67818924246691,49.599882534322,59.285716795564205,90.78341013824884
2021-12-12,104.95926831773019,130.20616022639177,121.04102440653222,73.91403829907068,49.41634241245136,59.62514889684568,91.64746543778803
2021-12-13,97.88094654267972,119.18153570775793,110.47850159578185,68.80104196001126,44.89758461199618,55.2972139160134,83.23732718894009
2021-12-14,101.36603604339962,121.69031217107957,108.40421814454444,71.35225992678119,46.49071286983334,67.11268372728775,86.75115207373271
2021-12-15,102.42441008745733,126.65964969778712,114.72268598688689,72.71895240777246,48.14624476910653,63.584487320489266,88.42165898617512
2021-12-16,99.81871414888913,124.68628476708494,111.5885471266867,70.8594410025345,45.51427942148153,60.902060134999815,85.77188940092167
2021-12-17,96.76724363770495,122.21784537037618,111.47399509746822,70.1818149816953,44.72138609500036,59.291690238340365,83.00691244239631
2021-12-18,98.2007641251019,124.78744256695006,113.20960523488925,72.72863277949874,45.60237867997944,60.55981700182366,85.65668202764977
2021-12-19,97.88283275384735,123.7005477017326,112.37853032762062,73.48986201070122,45.68313633360252,59.53484449722938,88.30645161290323
2021-12-20,98.28249994236577,124.12471716783371,110.934587180423,77.31624894395945,45.37478892885984,58.70945525715672,87.90322580645162
2021-12-21,102.48833168813805,126.57613936456515,112.1111300931067,83.33215995494227,47.00462521107114,60.026423699809904,89.1705069124424
2021-12-22,101.85477431483379,125.4085703661219,113.15735729206303,83.93762320473105,48.71521914690551,60.77029301493712,89.51612903225808
2021-12-23,106.46823725183225,129.52421169396771,116.35519800378431,87.47359898620107,54.07459070552822,64.94081020966784,94.18202764976958
2021-12-24,106.43700997805708,127.42069669677238,114.90823930774387,80.13675725147846,51.07187431172454,65.44644457172173,92.74193548387098
2021-12-25,105.64123844433686,128.98848502801533,116.05841881702479,81.42512672486623,53.333088613170844,66.95140077233101,90.84101382488478
2021-12-26,106.42401607890233,127.98415509602113,115.98818111929926,80.9472683751056,53.388150649732026,66.67627102564013,89.74654377880185
2021-12-27,106.21087421696038,127.19537636373947,119.30595784443909,81.51049000281611,55.57227809999266,65.9707020200778,89.8041474654378
2021-12-28,99.64476356343013,119.48879070734829,113.42942968594288,74.90143621515067,51.32515967990603,61.07142480665371,83.92857142857143
2021-12-29,97.37397489662514,114.32816724756243,108.9918877853447,71.85475922275415,48.83635562734013,58.978611561071425,83.7557603686636
2021-12-30,98.76054968385006,116.90091577746544,110.03280865371923,73.80667417628837,49.88253432200278,60.095645360216174,85.31105990783409
2021-12-31,96.86637451351471,115.9013128454649,108.50577613497236,73.03840467473951,48.05080390573379,59.838787320840645,84.27419354838712
2022-01-01,100.0488319113397,118.66881377510825,111.823112822942,74.80375246409463,50.61669480948535,60.828973305738366,86.86635944700461
2022-01-02,99.15560613395873,120.71718043904376,112.68061584496196,75.56938186426359,50.583657587548636,61.29279356835903,87.09677419354838
2022-01-03,97.30795750575818,118.62374970850165,108.5964626188424,73.1950506899465,48.42155495191248,59.7885401257234,85.48387096774194
2022-01-04,96.06536350432887,119.42040677410613,107.61471380758987,72.41358068149817,48.08384112767051,59.20665652352659,84.44700460829493
2022-01-05,91.01157504919868,111.42673465143102,100.733994942161,67.87260630808223,45.12150356067836,55.827444807145646,77.82258064516128
2022-01-06,90.32331755203323,107.39019179014639,100.35626832948947,68.60743452548577,47.01563761838337,56.25261338121459,78.39861751152074
2022-01-07,87.07316613119227,100.69486899907349,94.95182240099811,67.11137707687975,44.31025622201013,54.42017196487616,75.57603686635944
2022-01-08,87.33576864152977,97.06169680391773,91.23203936520756,65.53699662067022,43.35951839072021,53.00973671172516,74.53917050691244
2022-01-09,87.70525645136615,99.2764538676314,93.04650028084725,66.25158406082794,42.91902209823067,52.884997171399164,75.34562211981569
2022-01-10,87.67151422936746,97.23218393702375,90.10557009403853,65.1339411433399,41.25981939652008,50.31044333486769,72.86866359447005
2022-01-11,89.55982118718131,102.03670673061771,98.2872717954293,67.75028161081386,43.54305851259085,54.003085107504404,75.74884792626729
2022-01-12,92.00728496668742,106.22798005836269,103.26804605377254,70.21613629963392,47.92966742529917,57.19360630795557,81.73963133640554
2022-01-13,89.19683032692231,102.04111859727851,100.72809326717247,67.51971275696988,45.165553189927316,60.31982515381616,78.62903225806453
2022-01-14,90.27259942952593,104.24295519434273,103.87450139905935,68.04685299915516,47.4524631084355,64.32378870878765,83.35253456221197
2022-01-15,90.32226965694011,104.86817972684241,104.96031252992898,68.58455364686004,47.43410909624844,64.89477956239261,85.08064516129032
2022-01-16,90.28475501260618,105.46220605938372,105.68971943747718,68.50447057166996,51.791351589457456,62.07215216115647,84.33179723502305
2022-01-17,88.46183670860344,101.13731619848356,100.87244487240217,67.01193325823711,58.78790103516628,60.0844012326375,87.03917050691244
2022-01-18,88.7873129245285,99.58686020055086,100.08685557203536,66.12221909321319,53.52764114235371,58.028131401685926,81.45161290322581
2022-01-19,87.34792422461004,97.17609020376521,98.13963932482768,64.94561391157421,49.07128698333455,56.78038461943898,78.45622119815667
2022-01-20,85.33198364445339,94.68874280708167,93.30145652303335,63.40115460433681,46.329197562587176,54.62186350331878,74.76958525345623
2022-01-21,76.4449949386667,81.02991875862678,81.2293473731075,56.08631371444663,41.12032890389839,49.945711946534175,66.07142857142857
2022-01-22,73.5102599408568,76.02654683196461,75.93291115649534,52.515136581244725,39.306952499816454,46.826872059397104,62.384792626728114
2022-01-23,76.01326216029861,80.06939235990747,81.41171689561541,55.33036468600394,41.26349019895749,49.80410621484015,64.68894009216591
2022-01-24,76.88678750992882,76.92436169743418,78.74735654141139,53.86510842016333,39.12708318038323,48.26260659960013,63.07603686635945
2022-01-25,77.44070485615543,77.46197916338403,81.55705211334322,54.35088707406365,38.246090595404155,50.125969366779934,62.15437788018434
2022-01-26,77.12591717018027,77.567233696577,79.67749805218841,54.470571669952115,39.494163424124515,50.23349133675108,61.52073732718895
2022-01-27,77.88857521895768,76.40911869812118,82.71671830632282,53.538615882849896,38.2607738051538,49.62736258446272,61.63594470046083
2022-01-28,79.10581015913336,80.23137089302482,81.86770541323372,53.79470571669952,38.499375963585635,49.7268028377367,63.07603686635945
2022-01-29,79.99798804142121,81.93529682408627,82.51410707398577,54.333286398197686,38.895822626826224,50.2285720309354,63.824884792626726
2022-01-30,79.46754354528059,82.02195849063739,80.07136367519044,52.93227259926782,38.04786726378386,48.94147080216309,62.55760368663594
2022-01-31,80.6849880644749,84.67065415377246,79.57610831126676,54.338566600957485,38.61317083914544,49.76650866324893,63.01843317972351
2022-02-01,81.12740937279287,87.83270201622305,81.73611488593978,55.28636299633906,40.202628294545185,50.01212257504577,66.30184331797236
2022-02-02,77.31411912890577,84.487246554017,77.92095379350867,52.87419036891017,37.70281183466705,48.159301177470994,62.384792626728114
2022-02-03,78.14740530695991,84.85910388685453,78.64319715477144,53.647740073218806,38.877468614639156,48.44110712491172,63.882488479262676
2022-02-04,87.11696814608496,94.38211807415716,84.61268963660696,57.69765558997466,41.77740254019528,51.91167737786946,69.87327188940093
2022-02-05,86.79107277212263,94.97519900669973,87.82951665799536,58.62521120811039,41.29285661845679,51.626006261573544,70.16129032258065
2022-02-06,88.84515673366907,96.31104920491859,88.9630200527527,60.08078710222473,41.94993025475369,54.110958456462384,73.50230414746544
2022-02-07,91.86665744518986,98.95753893472326,91.86459926850291,73.14488876372853,44.001908817267456,58.04534897204078,78.97465437788019
2022-02-08,92.2948273802413,98.1917649357443,86.67953775389498,77.1068009011546,43.131928639600616,55.537557143007746,76.90092165898618
2022-02-09,93.0298209985602,102.21727813037695,89.58219117803128,76.5453393410307,43.80368548564716,55.99751223677322,80.70276497695853
2022-02-10,91.21088469591133,96.80360260426185,88.02443371098876,72.64766967051534,42.25460685705895,53.20475204941795,77.53456221198157
2022-02-11,88.83719273096132,92.25937994365415,84.90802576029364,66.7910447761194,39.64099552162102,50.89443521098551,72.46543778801843
2022-02-12,88.45324396883979,91.92754454409659,85.53724008686852,72.31325682906224,38.837089787827615,50.70504193708207,72.98387096774194
2022-02-13,88.15124060300076,90.45114487939847,84.58240472548152,70.88232188116024,38.27545701490345,52.058905173352834,72.35023041474655
2022-02-14,89.17650116211567,92.31232234358356,85.59471670665828,70.47046606589693,38.53241318552236,51.264437284121534,71.71658986175116
2022-02-15,93.35571637252252,100.28393513295475,91.69074575946533,74.87591523514503,40.61008736509801,53.27819025766621,75.86405529953917
2022-02-16,91.97081821744662,98.28693520228408,90.73838884272813,73.55498451140524,39.7180823728067,52.27008394443996,73.50230414746544
2022-02-17,84.99016026507556,91.20053194506596,85.33798090238682,67.47835116868487,37.47522208354746,48.63577108361766,66.99308755760369
2022-02-18,83.83181702913359,87.59320068320906,84.72710577199345,69.054491692481,36.53182585713237,48.69515413239258,66.18663594470047
2022-02-19,84.02085730393361,87.09686568387085,84.82769956332781,72.30357645733596,36.564863079069085,49.512110276781236,66.58986175115207
2022-02-20,80.38403259372899,82.54350415660866,80.75267063735502,68.25718107575331,34.07238822406578,48.00223477035627,63.70967741935484
2022-02-21,77.58133237765301,80.9851698253531,75.62864486670756,61.74493100535061,31.43308127156596,45.00778304455837,59.2741935483871
2022-02-22,80.16020220183717,83.07324328923568,79.37045564554747,63.46715713883413,32.589384039350996,46.15433267859716,61.86635944700461
2022-02-23,78.01495136718873,81.24610022500521,77.72328650820151,61.25211208110392,31.71940386168416,44.703840220947114,60.71428571428572
2022-02-24,80.35091910878617,81.82500015756666,76.59841560734189,61.250352013517315,31.311944791131342,43.57556229422368,60.023041474654384
2022-02-25,82.17509488690068,87.21409528371454,79.49927005598826,67.69747958321601,32.971147492841936,44.85669008021983,62.903225806451616
2022-02-26,81.97788103037429,87.51126601665165,79.22866013858582,66.04125598422979,32.51963879304016,44.834553204049286,62.32718894009217
2022-02-27,78.98844590870318,82.44959442340054,76.44921712210514,63.489157983666566,31.447764481315616,43.206614358048164,59.2741935483871
2022-02-28,90.51340572192636,92.0977165438697,83.88809078225667,68.75440016896648,35.375523089347325,46.89820199372438,65.55299539170507
2022-03-01,93.09562881040854,93.77769234162973,86.61709777367076,68.98056885384398,35.36818148447251,47.06756666537827,64.8041474654378
2022-03-02,92.0320152908852,92.87420507616771,86.72693881671417,67.66139819769079,34.43579766536965,46.74500075546483,63.594470046082954
2022-03-03,88.99353867885578,89.33746368088336,85.35932270514145,66.16094058011828,33.11797959033845,45.569989423492494,64.45852534562212
2022-03-04,82.03488652344036,82.63268688982308,79.36481928708801,62.72616868487751,31.010938991263487,43.042520371196765,58.23732718894009
2022-03-05,82.56533101958098,83.9962688213383,81.61091136874857,66.34662771050408,31.723074664121576,43.26142947999424,60.42626728110599
2022-03-06,80.48484010168774,80.34009189287987,79.51968001532364,63.7786891016615,30.18133764040819,43.49298823231773,58.17972350230415
2022-03-07,79.69200267422829,78.54792862860276,80.8626605165001,63.37299352295128,29.146171353057778,41.09447526819001,56.682027649769594
2022-03-08,81.20097160833036,81.21647769171136,80.99284033639547,63.43283582089552,29.436164745613386,41.141560052425746,58.06451612903226
2022-03-09,87.87438671939675,85.93496908542004,83.45198159091555,67.38506758659533,31.13941707657294,42.6886817314551,61.57834101382489
2022-03-10,82.60829471839916,82.13950322381399,78.91488775169479,64.77928752464095,29.612363262609204,41.07093287607215,59.10138248847926
2022-03-11,81.17037307161105,80.57833269256221,78.9201940822766,70.67727400732188,28.958960428749727,40.55475714441326,60.25345622119816
2022-03-12,81.34662902627493,80.98296389202272,79.03604033846624,69.15745564629681,28.991997650686436,40.30668357970857,60.771889400921665
2022-03-13,79.20494103494312,79.31118156091841,76.72886074376636,66.83240636440439,28.918581601938183,39.213894930655364,58.58294930875576
2022-03-14,83.14230205785638,81.59747389120336,79.19205939984107,68.16301745987046,29.480214374862346,40.03014831707034,60.88709677419355
2022-03-15,82.33458452007453,82.48394395668807,78.8024647258439,67.39914812728809,29.329711474928423,39.562111506607685,61.52073732718895
2022-03-16,86.17616793147604,87.41609575011186,81.7497754516205,69.68987609124191,30.787020042581307,41.110287322597536,64.1705069124424
2022-03-17,85.7488363124991,88.62463208183382,83.08492587962137,69.81396085609687,30.680566771896334,40.87802581230037,63.47926267281107
2022-03-18,87.5365453413728,92.64163667647782,84.31919778635418,70.1043720078851,31.27523676675721,41.8868348835003,64.45852534562212
2022-03-19,88.51150693601762,92.96181214271758,84.78740380658036,72.1363700366094,33.15101681227517,43.40760313851712,67.33870967741936
2022-03-20,86.50583572777363,90.18139074642481,82.86092754658571,70.9360039425514,32.255341017546435,41.83307389851472,66.18663594470047
2022-03-21,85.9735050204654,91.12489994516679,84.06523162780103,73.69050971557309,33.697966375449674,41.89070005235547,66.8778801843318
2022-03-22,88.80491756209304,93.58325507522231,85.73342548229368,73.62362714728246,35.78665296233756,43.01511281022373,70.67972350230414
2022-03-23,89.93454847248333,95.67826147242897,86.6441277039637,73.71603069557871,40.617428969972835,45.615317312794055,70.50691244239631
2022-03-24,92.24201346754775,97.98283153602289,87.81403123228527,74.16836806533371,41.51677556713898,48.05915816622335,72.86866359447005
2022-03-25,92.90847474677616,97.80194500293074,87.1109230167913,72.52182483807378,40.257690331106375,45.97126422645673,71.37096774193549
2022-03-26,93.36326121719303,99.14126166781165,88.1941909916626,73.29449450858914,42.320681300932385,47.82303148707101,71.94700460829495
2022-03-27,98.20663233762342,103.90072039479902,91.28655867636819,75.484898620107,43.46964246384259,50.893381074025015,74.71198156682027
2022-03-28,98.72219672344163,104.91986159344017,91.26272548669405,75.93107575330893,42.83826444460759,49.967497443717875,73.32949308755761
2022-03-29,99.44314854751262,107.20489339039348,92.13525448384935,75.48137848493381,43.68621980764995,50.77531773444884,74.88479262672811
2022-03-30,98.65932301785404,106.69280172440958,93.86961569224319,75.80171078569417,43.656853388150644,50.26862923543446,75.46082949308756
2022-03-31,95.4108482291621,103.4377895287496,90.95000789478452,71.72627428893269,41.90220982306732,48.525086702765,71.31336405529954
2022-04-01,97.02879825294931,108.91575225477898,94.70071648405124,72.84391720642073,42.786873210483805,49.67128495781695,71.88940092165899
2022-04-02,96.0102442224304,108.47960772202718,92.65469894986424,72.48750352013518,42.401438954555466,48.73767098979947,71.83179723502305
2022-04-03,97.25933517343712,110.9615978520512,95.49474414427007,74.19740918051254,43.524704500403786,51.409556805683906,74.19354838709678
2022-04-04,97.72460059478526,110.93985365208019,94.89593768038289,72.73215291467193,44.51582115850524,52.18399609266567,71.88940092165899
2022-04-05,95.37102821562328,107.358993590188,94.3971361345582,71.84859898620107,42.98142573966669,60.61568626073024,70.67972350230414
2022-04-06,90.48154971109533,99.88403093348795,89.09041728466005,66.84472683751056,38.620512444020264,50.28303577389466,64.28571428571428
2022-04-07,91.05789201231487,101.75151106433131,92.62107493315318,69.30794142495073,40.01908817267454,51.31398172126511,65.78341013824885
2022-04-08,88.59953012384024,100.65138059913149,89.4150352935695,66.46015206983948,37.62205418104397,50.09399387897805,63.76728110599079
2022-04-09,89.63065889547667,102.71298286304935,90.57615749189168,67.07705575894116,38.363556273401365,50.658308531833185,64.97695852534562
2022-04-10,88.3124068683236,100.9006510654658,88.76053824311278,66.37214869050972,37.66243300785552,52.028686580485115,63.47926267281107
2022-04-11,82.77742498642976,93.8558454081922,83.56460522194699,61.12538721486905,33.7640408193231,47.12449006124536,58.986175115207374
2022-04-12,83.99507908464268,95.39873820613501,87.76037258206047,62.88897493663757,35.01211364804346,48.49240845698945,60.36866359447005
2022-04-13,86.20613773113946,98.22453880236728,89.72311955292224,63.60532244438186,35.74260333308861,49.14773026743455,63.6520737327189
2022-04-14,83.69747687819478,95.23108727302521,87.92784555213017,63.91509433962265,34.23757433374936,50.56730137424322,61.86635944700461
2022-04-15,85.00524995441657,95.86387500551483,88.48552795400835,69.13545480146436,35.06717568460465,51.27778968562122,63.882488479262676
2022-04-16,84.63219930126355,96.39802600480263,88.52469773329088,68.73415939172064,34.887306365171426,50.43342598025953,65.8410138248848
2022-04-17,83.20915776479787,94.19492887440676,86.38287504756285,66.17062095184455,33.558475882827985,48.90246773462453,62.67281105990783
2022-04-18,85.51452696967601,96.29340173827545,88.41654565644487,67.68955927907632,34.39541883855811,49.26544222802388,64.11290322580645
2022-04-19,86.98158010005302,97.75467500299376,89.565547419182,68.1832582371163,34.97540562366933,50.11226558629341,65.55299539170507
2022-04-20,86.69864842490888,96.94698827073735,88.71040636138441,66.14686003942552,34.388077233683276,49.41056174958625,64.45852534562212
2022-04-21,84.84177831988885,94.03421087462104,85.88323872534174,64.48887637285272,33.400631378019234,47.857115248793896,61.57834101382489
2022-04-22,83.22173250591537,93.37400654216799,86.3001351172958,63.16706561531963,33.25379928052272,47.918255192502976,60.71428571428572
2022-04-23,82.61185756171578,92.39394187680807,85.16885779292886,62.083744015770215,32.530651200352395,47.0127515434322,60.483870967741936
2022-04-24,82.70826391028342,92.08290527722279,84.62875746445405,61.45715995494228,32.51963879304016,46.292775999409685,60.19585253456221
2022-04-25,84.72650985964493,94.7303404070262,85.74091905645676,60.993382145874406,32.94178107334263,55.462713418812136,60.19585253456221
2022-04-26,79.87685136865579,88.56570214857906,81.74019817203383,56.53249084764855,30.324498935467286,48.37926442322896,56.79723502304147
2022-04-27,82.24509427912153,91.04170474527771,83.00458026925098,57.38788369473388,30.838411276705084,49.18111127118377,57.94930875576036
2022-04-28,83.30346832317923,92.5549750099267,86.24302735219281,56.56769219938046,30.952206152264882,48.317070342559376,59.562211981566826
2022-04-29,80.85768117582212,88.76234534831686,83.34731745575685,53.816706561531966,29.535276411423535,47.40524187172559,57.776497695852534
2022-04-30,78.9065005124207,85.94253228540994,80.1042111557188,51.50221768515911,27.76962043902797,44.78852255677406,55.241935483870975
2022-05-01,80.60618635347178,89.0503772145995,82.75779059925297,53.41981132075472,28.969972836061963,46.65469635584853,57.14285714285715
2022-05-02,80.71726323334319,90.00239501333014,82.62816082582034,54.0675161926218,28.6652962337567,45.96107423583855,58.00691244239632
2022-05-03,79.0490142450859,87.65339114979547,81.31456574802436,53.20772317656998,28.298215990015418,45.47300882312636,57.25806451612904
2022-05-04,83.17772091200406,92.67125920977163,85.34913713887832,56.85810335116869,33.00051391234123,47.75416120565158,61.23271889400922
2022-05-05,76.58855656642503,86.58162268455783,80.31748681829829,52.633941143339904,28.9516188238749,45.00813442354521,55.81797235023041
2022-05-06,75.46730881677975,84.86162495351783,80.43001338230688,52.99387496479865,28.749724689817192,44.9083427912844,55.76036866359447
2022-05-07,74.33348632601694,83.07009195590655,77.54190706932657,51.10796254576175,27.905440129212245,44.78817117778723,54.26267281105991
2022-05-08,71.38261374377288,79.41296962744937,75.36093401772057,49.826633342720356,27.178621246604507,43.61140295088074,54.08986175115208
2022-05-09,63.07280565528024,70.2463712396715,63.475788896050275,42.91572796395381,22.109243080537404,35.62455858014779,43.95161290322581
2022-05-10,64.98521420023599,73.81368056824843,67.71205261809175,45.16421430582935,23.07099331913956,37.93417266060655,46.1405529953917
2022-05-11,60.92084829203579,65.57262877923648,57.24456489383456,36.58212475359054,18.922986564863077,29.803262905271744,38.24884792626729
2022-05-12,60.72761643686327,61.61991138450678,57.12677082605331,33.87250070402704,17.33719991190074,28.98806365581726,37.03917050691244
2022-05-13,61.37395813030366,63.32698864889734,61.61725955204216,37.209588848211766,19.436898906100872,30.95297495019203,39.112903225806456
2022-05-14,63.04220711856095,64.80086724693219,63.05989552999889,37.49735989862011,19.741575508406132,31.408362117128668,39.6889400921659
2022-05-15,65.61646620433535,67.6232013765024,66.16003504766638,39.4211137707688,21.94772777329124,32.7474674359524,41.244239631336406
2022-05-16,62.55724126946204,63.74926731500098,63.12828248315564,37.22190932131794,20.42434476176492,30.90448465000896,38.70967741935484
2022-05-17,63.790613794071845,65.89879177880161,64.87836854924922,38.53579977471135,21.20622568093385,31.721440794397616,42.16589861751152
2022-05-18,60.11501696542156,60.25727485299029,60.95028615358332,35.66160940580118,18.515527494310255,29.293060616389017,38.0184331797235
2022-05-19,63.51480780556098,63.63613444848515,65.05396926469788,36.984300197127574,19.569047793847734,30.450854378006486,41.53225806451613
2022-05-20,61.15222352859811,61.761406250984784,64.11410810936735,36.09986623486342,18.95235298436238,29.466290456898097,39.516129032258064
2022-05-21,61.688745816278846,62.24261485034317,66.25721855093173,36.47652069839482,19.403861684164156,29.665873721419718,40.2073732718894
2022-05-22,63.47435905496629,64.38772744748303,67.77185884642961,37.11982540129541,19.888407605902646,30.174319115368263,41.244239631336406
2022-05-23,60.973452625710735,62.173600650435205,67.16785606125318,35.649288932695015,18.82020409661552,29.245624453166453,39.74654377880184
2022-05-24,62.13745449515559,62.37591625016544,69.59128312250375,35.9564207265559,19.1579179208575,29.380905363097476,40.43778801843318
2022-05-25,61.91089957602165,61.22757038502991,69.07080974604678,35.74697268375105,18.88627854048895,29.15567143253699,39.34331797235023
2022-05-26,61.2044087042358,56.51664219131114,64.66642594045004,34.55452689383272,17.5831436752074,27.36469273664496,36.52073732718894
2022-05-27,59.9421142750557,54.338440594215406,63.81996267449415,33.57240918051253,16.713163497540563,28.57062541945867,35.42626728110599
2022-05-28,60.834711315380794,56.49332232467557,65.27107583911206,34.00186567164179,17.047206519345124,28.742098365033574,36.29032258064516
2022-05-29,61.75287699597818,57.151320723798236,64.8808340516293,34.242114897212055,17.693267748329784,29.057988074197187,36.63594470046083
2022-05-30,66.4853808155558,62.97813604936249,68.22646254118877,36.83733455364686,20.905219881066,30.885510184719937,39.74654377880184
2022-05-31,66.63229570761212,61.192275451743626,67.9576321858717,37.09870459025627,22.960869246017175,30.149371207303066,39.34331797235023
2022-06-01,62.451403865056264,57.29344585694207,63.72072782147951,35.02710504083357,20.24080463989428,28.451156563935164,36.11751152073733
2022-06-02,63.8283380174244,57.815621789579176,65.33179449746461,35.680970149253724,21.58798913442478,29.07836805543355,37.15437788018433
2022-06-03,62.246854742877986,55.94530545873959,63.27412244940219,34.35387918896085,20.56383525438661,28.206948168085656,36.05990783410139
2022-06-04,62.5893068593117,56.861713190851034,63.9597197739762,34.53428611658688,20.791425005506202,28.75509938754643,36.75115207373272
2022-06-05,62.691371841382214,56.935454390752724,63.38795618265166,34.79829625457618,20.83914543719257,28.50210651702607,36.40552995391705
2022-06-06,65.73990824630565,58.61448478851402,62.63758926930534,35.44512109264996,22.369870053593715,28.984901244935756,37.09677419354839
2022-06-07,65.23943354982846,57.15636285712484,61.56571696291522,35.87633765136581,22.535056163277293,28.241734687782206,36.75115207373272
2022-06-08,63.29621688913479,56.50340659132878,61.19992959405277,35.24535342157139,23.522502018941342,27.861191245041166,35.36866359447004
2022-06-09,63.07867386780175,56.347730724869685,61.476344119420915,35.222472542945646,23.203142206886422,27.8822739842512,34.735023041474655
2022-06-10,60.952494723848204,52.40730353012359,60.655098865998326,33.57768938327232,21.081418398061817,26.48097458475788,32.66129032258065
2022-06-11,59.527566976214885,48.26014886898647,57.143679901431675,31.643375105604054,20.317891491079948,24.527307417961794,30.011520737327192
2022-06-12,55.761222432499835,45.23612940635183,54.273398329411826,30.200999718389188,18.0126275603847,22.322404275579512,27.64976958525346
2022-06-13,47.04629810100451,38.026193882631745,47.1814939779619,27.427133201914955,17.02151090228324,19.025415242117692,25.0
2022-06-14,46.437051893860804,38.15760448245652,47.33320649909016,28.31684736693889,17.755671389765805,19.525778919369067,26.641705069124427
2022-06-15,47.31854124619876,39.01098554798535,49.49087375851277,30.23708110391439,19.64246384259599,22.023732136770757,29.17626728110599
2022-06-16,42.72603621106284,33.671681488437756,44.431882893166744,27.54857786539003,17.473019602085014,19.389795251464374,25.789170506912445
2022-06-17,42.847592041865504,34.23829122101561,45.779024334055514,28.24204449450859,17.876807870200423,19.976246780490033,27.44239631336406
2022-06-18,39.79172037129019,31.374989758166677,41.78220877951808,27.061039143903127,16.705821892665735,18.57775841289139,27.183179723502306
2022-06-19,43.12549382056264,35.559330152587556,45.57307076056542,28.711982540129537,17.788708611702518,21.24753595485483,31.273041474654377
2022-06-20,43.11522444865,35.55712421925716,46.000075065164324,28.374049563503238,18.03832317744659,21.097848506463617,30.40898617511521
2022-06-21,43.42561097523405,35.48275275268966,46.543838055967555,28.984793016051814,17.667572131267896,23.11125010102146,30.835253456221203
2022-06-22,41.84412770068763,33.05811688925584,45.43341396367364,28.35380878625739,16.848983187724837,21.665676949187084,30.005760368663598
2022-06-23,44.22263998306602,36.057240818590344,48.548760648252404,29.540974373415935,17.6125100947067,22.46892931308922,32.09677419354839
2022-06-24,44.487128704571134,38.60477868186029,50.94160836174162,32.330681498169525,18.280596138315836,23.511822146012026,32.16013824884792
2022-06-25,45.03832152355564,39.131996747824,50.82548061118574,32.3430019712757,18.295279348065485,24.07192025102515,33.91129032258065
2022-06-26,44.102760784412354,37.75391868299477,49.58884674023053,31.595853280765983,17.979590338447984,25.62888054168585,32.62096774193549
2022-06-27,43.44614971905933,37.527337816630215,49.545435132049974,31.09335398479302,17.799721019014754,25.293313609259542,32.154377880184335
2022-06-28,42.49843339683578,36.05030788526625,48.119067587120895,29.694980287243034,17.238088246090594,23.207176564427094,30.35714285714286
2022-06-29,42.149065172787424,34.64922508713437,46.498426867116535,28.988313151225007,17.09859775346891,24.422245100898476,30.892857142857146
2022-06-30,41.761972725386514,33.68932895508089,46.50174008816274,29.21888200506899,16.852653990162246,23.304157164793235,31.008064516129032
2022-07-01,40.37099677877049,33.3707291555057,45.80524537249146,27.630421008166717,16.470890536671316,23.33542989462144,29.464285714285715
2022-07-02,40.329709712101305,33.612121288517166,46.23353096179183,27.76418614474796,16.72784670729021,23.409922239830216,29.118663594470046
2022-07-03,40.469498917524376,33.847841021536205,46.43393230157559,28.287806251760067,16.73518831216504,23.6123165362465,29.32027649769585
2022-07-04,42.36807524725085,36.27783415162955,49.10440140708356,28.917030413967897,17.227075838778354,24.356888609347386,30.086405529953915
2022-07-05,42.3362192364198,35.73296861902271,48.950081018608394,28.66622078287806,16.80126275603847,23.59861275575998,28.663594470046082
2022-07-06,43.09175159856397,37.38899428348134,50.57299310694715,29.255843424387496,16.966448865722043,24.055405438643955,29.00345622119816
2022-07-07,45.34828889210243,39.018233614642355,51.21858264027479,30.162278231484084,17.539094045958446,24.80173440667901,30.005760368663598
2022-07-08,45.29254087314811,38.33061268222585,51.05026195153896,29.987151506617852,17.116951765655973,24.270800757573095,29.53341013824885
2022-07-09,45.242870645733916,38.34983581553355,51.57833244031672,30.34180512531681,17.54643565083327,24.408189941425125,31.1463133640553
2022-07-10,43.69177632888817,36.787089617617205,49.757811306884506,28.627499295972964,16.962778063284635,23.625668937746187,30.017281105990783
2022-07-11,41.83867864620338,34.55216402059712,47.89242579549661,27.729864826809347,15.960648997870935,21.698003815975795,28.05299539170507
2022-07-12,40.51351051143568,32.72848742302868,46.748659180857864,27.43153337088144,15.310916966448865,21.00543583292632,27.269585253456224
2022-07-13,42.43975127162069,35.16352268644864,48.88188819949732,28.486693889045338,16.107481095367447,21.767576855368894,28.559907834101384
2022-07-14,43.14393677420166,37.58752828321663,50.501859157044095,29.360567445789915,16.20292195874018,21.934481874114965,29.544930875576036
2022-07-15,43.64504020773472,38.793858681608185,50.588695315674904,29.395768797521825,16.213934366052417,22.114387915373886,29.821428571428577
2022-07-16,44.45150027140484,42.734601009687196,52.92541887655921,30.846064488876372,16.797591953601057,22.615454350598927,31.73387096774194
2022-07-17,43.56225649537773,42.16011294378651,52.5553152607479,30.197479583215998,16.426840907422363,22.150228572030937,32.0852534562212
2022-07-18,47.20935057749499,49.941385200078145,56.16806572602251,32.18283582089552,18.03832317744659,23.78308672384774,33.77880184331797
2022-07-19,49.06286741821703,48.64082993514556,57.00167731815464,32.86134187552802,18.919315762425665,24.260962145941747,33.36981566820277
2022-07-20,48.65418833189772,47.920435136106086,54.77974845404589,31.908265277386654,18.008956757947285,24.622882502380595,32.93202764976959
2022-07-21,48.52383018231279,49.65492900046009,56.290311934584594,32.280519571951565,18.335658174877025,24.60039424722323,33.433179723502306
2022-07-22,47.52246163132117,48.36823960217567,55.74214857207939,31.474408617290905,17.707950958079437,23.67275372198192,32.26958525345622
2022-07-23,47.07228589931405,48.83337640155549,55.018132119866124,31.621374260771614,18.985390206299098,23.90782626417375,32.45967741935484
2022-07-24,47.32734356498102,50.36429413284761,55.527436317561886,31.55889186144748,18.80919168930328,23.73986710846718,33.634792626728114
2022-07-25,44.6443129685401,45.33256020622325,51.98279454664524,29.54889467755562,17.436311577710885,21.773901677131903,31.105990783410135
2022-07-26,44.53281693063145,45.71639260571148,52.79066396432075,29.71082089552239,17.186697011966814,21.97840424746919,31.059907834101384
2022-07-27,48.11577983304935,51.556128397925164,57.57145427107842,31.63545480146438,18.757800455179503,23.609154125364995,33.986175115207374
2022-07-28,49.984595942131044,54.39232839414356,58.799106206853715,32.893023092086736,18.834887306365168,24.283801780085952,36.56105990783411
2022-07-29,49.825944625031696,54.22719852769706,62.331672840129315,32.35884257955506,19.13589310623302,24.136573984602574,34.91935483870968
2022-07-30,49.53232441993767,53.44566786207244,60.970929073773526,34.11627006477049,19.282725203729534,24.455274725660857,34.7926267281106
2022-07-31,48.83903702632523,52.942399929410136,60.13193349744132,33.377921712193746,18.967036194112033,23.931017277304782,34.42972350230415
2022-08-01,48.771552582327885,51.36988459817348,60.123456310780135,33.3603210363278,18.81286249174069,24.072271630011983,34.25691244239631
2022-08-02,48.17928227569281,51.413372998115506,60.1831460586906,32.69061531962827,18.229204904192052,23.378649510002003,33.45622119815668
2022-08-03,47.82760868243959,50.99109433201187,63.265405830751355,32.518128696141936,18.372366199251154,23.252153074741823,33.26612903225807
2022-08-04,47.390217270568606,50.640035799146624,65.8840217326593,32.634293156857225,18.331987372439613,23.617587221049007,34.372119815668206
2022-08-05,48.84909681921924,54.761034393651954,66.83388079134214,33.12447197972402,19.000073416048746,24.490061245357406,35.99078341013825
2022-08-06,48.08622919142319,53.266041862311944,66.80914811392303,32.68445508307519,18.76881286249174,24.110923318563703,35.02880184331797
2022-08-07,48.57056630346623,53.581805461890916,68.47418405460603,32.761018023092085,19.359812054915203,24.201930476153663,35.20161290322581
2022-08-08,49.913967812854324,56.04394219194141,68.87267653903,33.333920022528865,19.71955069378166,24.558931526776835,36.07718894009217
2022-08-09,48.5106267041394,53.66090392845212,68.89640619054644,32.32892143058294,18.83121650392776,24.157656723812607,34.08410138248848
2022-08-10,50.221210654159,58.40870272212173,69.65104405289765,33.56184877499296,19.72322149621907,24.9085536186765,35.483870967741936
2022-08-11,50.16336684501841,59.253890320994806,68.66059156526399,33.454484652210645,19.462594523162764,24.773272708745473,35.622119815668206
2022-08-12,51.134556017328,61.691446651078074,69.44822574424522,33.38672205012673,19.829674766904045,25.276096038904683,36.22695852534562
2022-08-13,51.226351627485876,62.5066965833244,68.67541693521876,33.264397352858346,20.530798032449894,25.483409641136646,36.75115207373272
2022-08-14,50.933569738466346,60.98145125202472,67.42784037522227,33.05934947901999,20.905219881066,28.360149406345204,36.36520737327189
2022-08-15,50.512106332010895,59.883211586822384,67.83086912518023,33.01094762038863,20.18574260333309,26.71253333708138,34.95967741935484
2022-08-16,49.99884731539756,59.141072587811905,67.09642120357931,33.173753872148694,20.450040378826813,30.125477436198366,35.30529953917051
2022-08-17,48.91155136676957,57.801125656265164,65.02107001509069,33.403442692199384,19.756258718155788,27.984173890433006,34.85023041474655
2022-08-18,48.629877165737184,58.189685055747084,63.219700205264395,32.58237116305266,18.79083767711622,26.120459744266373,34.556451612903224
2022-08-19,43.658034106889495,50.72007966570655,59.31327669796107,29.445050689946495,16.52595257323251,23.763409500585045,31.12327188940092
2022-08-20,44.30269916818088,49.65240793379678,60.15603847477939,29.637778090678683,16.544306585419573,24.305587277269645,31.15783410138249
2022-08-21,45.09553659564034,50.9964515986714,64.04986915365322,30.33564488876373,16.9811320754717,24.24374457558689,31.958525345622117
2022-08-22,,,,,,,
2022-08-23,44.659193078862494,51.153703131795055,63.021735247753874,29.938749647986484,16.84164158285001,24.01042892832923,32.76497695852535
