asset,start,end,calendar_days,valid_close_days,valid_return_days,close_min,close_median,close_mean,close_max,close_std_ddof0,daily_log_return_mean,daily_log_return_std_ddof0,daily_log_return_skew,daily_log_return_excess_kurtosis,annualized_full_history_volatility,median_30d_annualized_volatility,latest_30d_annualized_volatility,latest_30d_volatility_date,max_observed_close_drawdown,reported_volume_median_unverified_units,reported_volume_zero_days,reported_volume_zero_share_of_observed,reported_volume_missing_share_of_calendar
1inch,2020-12-25,2022-08-23,607,606,604,0.5515750050544739,2.4670474529266357,2.623485215032848,7.477116107940674,1.4963065722988522,-0.001988141057697477,0.07866632989448466,-0.4562780464374012,5.41821478459749,1.5029181223738637,1.133735259411262,0.8477959741063525,2022-08-21,-0.9262315848661621,130913190.0,0,0.0,0.0016474464579901153
Aave,2020-10-02,2022-08-23,691,690,688,0.5165709853172302,207.9375991821289,224.80637719518896,632.2664794921875,131.2319659698196,0.007434625696685988,0.19132389182995466,20.57304470556914,497.6185996888944,3.6552378210604117,1.2834581799273117,1.1341927194148584,2022-08-21,-0.9218236711093504,293907061.0,4,0.005797101449275362,0.001447178002894356
Algorand,2019-06-21,2022-08-23,1160,1159,1157,0.126470997929573,0.4620310068130493,0.7046669408151875,3.2014119625091553,0.5228521468552164,-0.0020269691442608936,0.07078712876333156,-0.744498646998218,10.050437316583938,1.3523861961263564,1.089294382679699,0.6729744706213402,2022-08-21,-0.9604952441576905,121564194.0,0,0.0,0.0008620689655172414
ApeCoin,2020-10-01,2022-08-23,692,677,674,0.0012850000057369,0.0536100007593631,0.12622841829268955,2.9127109050750732,0.2439377171832355,-0.003480471278677565,0.27023752646667043,5.1639569942097765,167.0153568671919,5.162880693900538,1.8917152861071769,1.3878675897432289,2022-08-21,-0.9995588302280539,906.0,54,0.07976366322008863,0.02167630057803468
Arweave,2020-05-27,2022-08-23,819,818,816,0.5431709885597229,14.315003395080566,20.886464360072154,86.2794418334961,19.192844256476228,0.0038600143361116022,0.08649685751546693,0.7037733083854367,3.009131171654652,1.6525201425152465,1.4339296125060237,0.9487798070637011,2022-08-21,-0.9076214932346163,21510593.0,0,0.0,0.001221001221001221
avalanche,2020-12-25,2022-08-23,607,607,606,2.9,33.05,46.22535420098847,134.78,31.80366466556252,0.003373789889283605,0.08286983028491433,0.3944521007319898,5.750375434852092,1.5832258845722027,1.320634326501083,0.8990346798490501,2022-08-23,-0.890043033090963,2855750.0,0,0.0,0.0
Axie Infinity,2020-11-04,2022-08-23,658,657,655,0.1351040005683899,18.818330764770508,39.219382072057535,160.35926818847656,42.03027083069478,0.007018280429976732,0.09627397091673535,0.9408532203376061,4.606271528031723,1.8393116317709426,1.551336616260365,1.0897203970497498,2022-08-21,-0.9196969257243938,210398594.0,0,0.0,0.001519756838905775
Basic Attention Token,2017-11-09,2022-08-23,1749,1748,1746,0.1055390015244484,0.27517150342464447,0.4176468519191311,1.7662999629974363,0.31042606233285563,0.0004782160008599495,0.0668201155596849,-0.11497548084150833,5.229658108017912,1.2765965152876297,1.0844323920936325,0.6914668985560807,2022-08-21,-0.8816776919910998,68790965.0,0,0.0,0.0005717552887364208
Binance USD,2019-09-20,2022-08-23,1069,1068,1066,0.970005989074707,1.000174045562744,1.0007706928007611,1.0523560047149658,0.003109872767144547,-1.3020251745887127e-06,0.0037221401701135475,-0.4997255769445237,102.22322982815983,0.0711113881019075,0.02127165648970854,0.01708164312321637,2022-08-21,-0.07825300114343303,3075904871.0,0,0.0,0.0009354536950420954
Bitcoin BEP2,2019-06-18,2022-08-23,1163,1151,1148,4936.75537109375,20902.404296875,26496.73308239099,67502.421875,17944.313429016307,0.0007435077438643127,0.054242114510443064,-0.22211055925856923,18.07902547234337,1.0362941426524934,0.7386575075997763,0.5786644014961118,2022-08-21,-0.7183651686108484,1864334.0,3,0.0026064291920069507,0.010318142734307825
bitcoin cash,2017-08-03,2022-08-23,1847,1847,1846,78.35,362.76,499.95807255008117,3708.9,426.26532522489333,-0.0005290153059408104,0.07014681918631187,0.09524287183331759,11.080029236434145,1.3401530988339925,1.0009908586511886,1.059022059828618,2022-08-23,-0.9788751381811319,953600.0,0,0.0,0.0
Bitcoin Gold,2017-11-09,2022-08-23,1749,1748,1746,4.927590847015381,23.088563919067383,40.76369232416698,453.4549865722656,57.85844753902561,-0.0010540493298782877,0.0725512894301225,1.2865271970468242,19.825158995955814,1.386090438340981,0.9651142747363287,1.4304472132088064,2022-08-21,-0.9891332304353652,18334966.0,0,0.0,0.0005717552887364208
Bitcoin SV,2018-11-09,2022-08-23,1384,1383,1381,42.75130081176758,146.9085235595703,145.06307092199097,441.3943481445313,66.87148385595142,-0.00016256194479491657,0.07564997250086848,1.3058234601658327,29.075712093963176,1.4452906952839928,0.9642402213329706,0.7345890455076427,2022-08-21,-0.8948791743555032,417095458.0,0,0.0,0.000722543352601156
bitcoin,2010-07-18,2022-08-23,4420,4420,4419,0.1,685.0,8306.969457013574,67527.9,14597.39507949201,0.0027765263386874774,0.0644394522607092,2.6019501981181468,88.25382274814095,1.2311140068230806,0.66838153510944,0.589919503011857,2022-08-23,-0.9324324324324325,67620.5,6,0.0013574660633484162,0.0
BitTorrent (New),2019-01-31,2022-08-23,1301,1300,1298,0.0001849999971454,0.00078150001354515,0.001526805683589811,0.0106769995763897,0.0016733825877928133,0.0005450743075788939,0.07188533952429443,0.22935931112239277,26.116118104138316,1.3733674832545464,0.9445282548850253,0.9774713565665374,2022-08-21,-0.964971432941504,72538419.0,0,0.0,0.0007686395080707148
BNB,2017-11-09,2022-08-23,1749,1748,1746,1.5103600025177002,22.324905395507812,136.79086951471575,675.68408203125,185.58848893933828,0.0028763412654280755,0.060129907489187735,0.3814179614121309,14.312608946887542,1.1487802695686717,0.8326997960602832,0.6266679833935993,2022-08-21,-0.8010241823092697,318965471.0,0,0.0,0.0005717552887364208
cardano,2017-12-31,2022-08-23,1697,1697,1696,0.0232,0.1394,0.5072793164407778,2.9652,0.6522537848213632,-0.00025745907121470864,0.06165388656579462,-0.1319747305521499,5.81138134893064,1.177895848945811,0.9973047510940826,0.7505551001707204,2022-08-23,-0.9789912161550304,290252800.0,5,0.0029463759575721863,0.0
Celo,2020-05-22,2022-08-23,824,823,821,0.7978339791297913,2.8286280632019043,3.059803168365182,7.638002872467041,1.53587723719521,0.0001365088725663131,0.08447581560677682,3.8053404844930836,41.75498357957071,1.613908191065095,1.09748101612809,0.8723315616642094,2022-08-21,-0.8955441635135056,29354089.0,0,0.0,0.0012135922330097086
Celsius,2018-05-03,2022-08-23,1574,1422,1419,0.0262209996581077,0.4582604914903641,1.9644265369971907,8.013615608215332,2.3390332136214793,0.0025704659165171387,0.07830931607313447,1.1312666660616442,19.40205773797714,1.4960973828940274,1.0637031526513077,2.4153631979503354,2022-08-21,-0.9650122956282277,1684782.0,0,0.0,0.096569250317662
chainlink,2018-02-02,2022-08-23,1664,1664,1663,0.16,4.07,9.600450721153846,52.26,10.801203602191057,0.0016042062173076464,0.07121199553795303,-0.31099223157670414,7.1172065014261,1.3605032644582542,1.1838277445622176,0.8739115176724883,2022-08-23,-0.8867202449292002,5858407.5,6,0.003605769230769231,0.0
Chiliz,2019-07-01,2022-08-23,1150,1145,1142,0.00412999978289,0.0211989991366863,0.1373333655021206,0.7739160060882568,0.16132105949267816,0.002216931170715502,0.08201899223754618,0.6686752733341507,15.480607592559235,1.5669706465013538,1.1830836966211264,1.2292105108273363,2022-08-21,-0.8877617170496104,56448354.0,0,0.0,0.004347826086956522
Compound,2018-08-16,2022-01-23,1257,543,516,9.999999974752427e-07,4.999999873689376e-06,3.65598529724878e-05,0.0033080000430345,0.00014656333270651362,-0.017144308865443457,0.45091071390721266,0.2412058873925463,32.383615395040955,8.61463709331124,2.8248018394613457,3.41921384804698,2021-06-05,-0.9996977025439946,62.0,121,0.13519553072625698,0.28798727128082735
Convex Finance,2021-05-18,2022-08-23,463,462,460,2.03118896484375,11.362502098083496,16.40059788608964,50.01968765258789,11.902186271206292,-0.0011428704552576574,0.1077265910857218,0.4450390765028708,2.5306528477044474,2.0581136328776566,1.7448500346631555,1.1655064264391313,2022-08-21,-0.9312926749042373,14607354.0,0,0.0,0.0021598272138228943
cosmos,2019-05-15,2021-09-06,846,846,845,1.6194,4.79315,7.590362293144208,29.4726,6.427953337883196,0.002098037385868422,0.0700596549836589,-1.0854893417598492,11.746140502076262,1.338487829080527,1.0762023981814883,1.1318686479979316,2021-09-06,-0.7687199188791614,325781.0,1,0.001182033096926714,0.0
Cronos,2018-12-14,2022-08-23,1349,1348,1346,0.0121330004185438,0.10651550069451324,0.14730150043654863,0.900518000125885,0.14505969913812458,0.0013932186932001521,0.06705408516475696,2.0714288984426577,29.24592939442236,1.28106649831619,0.871978666452594,0.8226270522690432,2022-08-21,-0.8816436752660893,38796789.0,0,0.0,0.0007412898443291327
Curve DAO Token,2020-08-14,2022-08-23,740,739,737,0.3384830057621002,2.1815309524536133,2.261633593432797,11.611473083496094,1.311385802335619,-0.0032907181517950867,0.09661161606897306,-0.3358439064611754,4.145821387511669,1.8457623333469584,1.6220357956943277,1.1925628644915411,2022-08-21,-0.9708492623349227,191725423.0,0,0.0,0.0013513513513513514
dai,2018-02-02,2022-08-23,1664,1661,1658,0.918,1.0003,1.001005418422637,1.0795,0.012220614319636532,-3.36045224368152e-05,0.007587029381212845,-0.2606097577612954,15.258626555275635,0.14494999280253945,0.06772100552860452,0.005520903018903787,2022-08-23,-0.11475409836065564,66915.0,24,0.014449127031908489,0.0018028846153846155
Dash,2017-11-09,2022-08-23,1749,1748,1746,39.87370681762695,115.50516128540039,183.51318842104425,1550.8499755859375,196.16623440773702,-0.0011107406167414405,0.06089581679483687,0.2053121050256492,9.974905744898622,1.1634129463072311,0.9403694831727233,0.8211942709146529,2022-08-21,-0.9742891269656422,255103663.0,0,0.0,0.0005717552887364208
Decentraland,2017-11-09,2022-08-23,1749,1748,1746,0.010505000129342,0.08459749817848206,0.5360860870106815,5.479180812835693,0.9105990895164338,0.002309524233277804,0.08297262645899818,1.8045640595303836,22.570267989536692,1.5851898027205202,1.184028820399425,0.8324060268570066,2022-08-21,-0.9251837387815656,17926435.0,0,0.0,0.0005717552887364208
Decred,2017-11-09,2022-08-23,1749,1748,1746,9.287368774414062,35.99755859375,56.166512900140795,246.9046936035156,48.58744873510684,-6.424759571378303e-05,0.061011239517944085,0.4447927087847851,15.431899687708858,1.1656180943359273,0.9645092104300089,2.773375362304096,2022-08-21,-0.9243311404762887,6330160.5,0,0.0,0.0005717552887364208
dogecoin,2017-06-03,2022-08-23,1908,1908,1907,0.000774,0.003259,0.054678012578616354,0.68688,0.09827830266773747,0.0016031321960939121,0.15658554265351393,0.5161722656756631,521.4743855650458,2.991562591916611,1.0063997131416422,0.9110630081565292,2022-08-23,-0.9893070135197128,1787418496.0,1,0.0005241090146750524,0.0
eCash,2021-07-08,2022-08-23,412,411,409,1.8999999156221747e-05,7.999999797903001e-05,9.996541781249288e-05,0.0003300000098533,6.613698756051003e-05,0.001053258929340411,0.07904159882278888,1.3847572281003917,13.076472044671869,1.5100876251823554,0.9277107062147483,0.6760071896466032,2022-08-21,-0.9030303061704961,28275183.0,0,0.0,0.0024271844660194173
Elrond,2020-09-04,2022-08-23,719,718,716,6.942005157470703,127.40461730957031,126.70855144670747,490.3490905761719,91.21501592519468,0.0015789226844947532,0.07057670453165009,-0.1388859432274871,3.6291536572591263,1.3483660468248082,1.1875044335596423,0.792112805229364,2022-08-21,-0.9151063396581938,93201238.5,0,0.0,0.0013908205841446453
Enjin Coin,2017-11-09,2022-08-23,1749,1748,1746,0.0182450003921985,0.1543230041861534,0.5997331173679188,4.685819149017334,0.8444922554211818,0.0018099420917904356,0.08293849922167641,1.1816998427641294,14.19158549138436,1.5845378027669668,1.1616832504882455,0.8086627572161711,2022-08-21,-0.9500176141997037,12250951.0,0,0.0,0.0005717552887364208
EOS,2017-11-09,2022-08-23,1749,1748,1746,0.8899109959602356,3.6336004734039307,4.473722716968174,21.542600631713867,2.9159829945333273,0.00016274567131688254,0.06671841208087831,-0.04124979407644884,8.138584023531756,1.2746534730532724,1.0036345954671948,1.112327705769727,2022-08-21,-0.9586906422685961,1390618513.5,0,0.0,0.0005717552887364208
ethereum classic,2016-07-28,2022-08-23,2218,2218,2217,0.7435,9.5251,16.65342980162308,133.8455,17.532370773344937,0.0013541707057697578,0.06650514832909754,0.20717704145252788,8.827528719051115,1.2705790747963983,1.0407525720736484,1.5799092918021824,2022-08-23,-0.9197597836572383,6527987.0,12,0.005410279531109108,0.0
ethereum,2016-03-10,2022-08-23,2358,2358,2357,6.7,280.115,848.2705131467345,4808.38,1150.0179015561125,0.002090931773567643,0.05638426231841201,-0.5781381805419039,8.13018159990453,1.0772198190596458,0.9125194264619558,0.9330571485336834,2022-08-23,-0.939268115942029,1429778.5,8,0.0033927056827820186,0.0
Fantom,2018-10-30,2022-08-23,1394,1393,1391,0.0022879999596625,0.0238099992275238,0.4140335799563256,3.3008229732513428,0.7181536805805714,0.0019143341879591389,0.0921607947209706,-0.03139205124928627,6.70117861629009,1.7607295108886891,1.4421524467600517,1.0310670315007748,2022-08-21,-0.9337598801190133,10713908.0,0,0.0,0.0007173601147776184
Fei USD,2021-04-03,2022-08-23,508,507,505,0.7128379940986633,0.9950199723243712,0.9860077267567787,1.0215920209884644,0.039828995007127055,0.00020199764988776343,0.013172877999730817,2.0069011566575834,35.14260851684877,0.25166748081638224,0.08679989078858893,0.07301128800903167,2022-08-21,-0.19857219854123886,26185576.0,0,0.0,0.001968503937007874
Filecoin,2017-12-13,2022-08-23,1715,1714,1712,2.4017539024353027,9.260395050048828,23.202513510732974,191.35655212402344,31.165044988451797,-0.00034109512922138655,0.09743409409553352,0.5677800897998727,9.404189571436309,1.861475753981047,1.4488473929831485,1.6653875957811954,2022-08-21,-0.9734440350743173,9947812.0,0,0.0,0.0005830903790087463
Flow,2021-01-27,2022-08-23,574,573,571,1.2687870264053345,10.089499473571776,13.145939858171952,39.03781509399414,9.7773520669509,-0.002022089060495765,0.07304543790785167,0.5427021832706387,4.3864010784925185,1.3955311317522379,1.2128257081820515,1.6327518683426547,2022-08-21,-0.9674985133427579,87706611.0,0,0.0,0.0017421602787456446
ftx token,2019-12-20,2022-08-23,978,978,977,2.0147,27.332,25.071652862985687,79.7416,20.424770269214815,0.0026117643290509687,0.049281355976657386,-0.029466681322997595,5.331354219897759,0.9415189839391338,0.7897302836648428,0.7339100720160588,2022-08-23,-0.7138256568716956,64640.5,0,0.0,0.0
Gala,2020-09-18,2022-08-23,705,674,668,0.0002050000039162,0.04917700029909605,0.1047173199164693,0.7120890021324158,0.141047687323394,0.008174112349192016,0.12605054343453434,3.3915982278229033,25.9789940247853,2.4081922509533205,1.649836620850545,1.0430927882912058,2022-08-21,-0.9335560593648329,57034272.5,0,0.0,0.04397163120567376
Gnosis,2017-11-09,2022-08-23,1749,1748,1746,8.795160293579102,56.33238220214844,115.87598664045879,580.76318359375,125.60555663523986,0.0004100495096897465,0.06475805326100377,-0.003166500230659294,7.197522816685998,1.237200870387091,0.9827506623929937,0.9886327776472319,2022-08-21,-0.9783454701842402,561813.5,0,0.0,0.0005717552887364208
Hedera,2019-09-17,2022-08-23,1072,1071,1069,0.010080000385642,0.071832001209259,0.13737697849601477,0.5059229731559753,0.12159996785635732,-0.0002470482499476278,0.0748615653679464,1.0254361573942852,18.009299151952508,1.4302281981588982,0.9684478102226746,0.7874000552638242,2022-08-21,-0.8882198295149977,41307206.0,0,0.0,0.0009328358208955224
Helium,2020-06-08,2022-08-23,807,806,804,0.272145003080368,11.000174522399902,13.153294048593299,52.71104049682617,11.586306001289229,0.003992971524252792,0.0789795591701622,0.36601725469737034,1.7847298867801804,1.5089023592831645,1.4470096352092703,0.6258710042361476,2022-08-21,-0.8745015245823112,15293570.0,0,0.0,0.0012391573729863693
Holo,2018-01-20,2022-08-23,1677,1676,1674,0.001016000052914,0.006083500105887599,0.0129356323714981,0.2772409915924072,0.022275447126344973,-0.0025260422874603646,0.09477646064098162,0.5099633099214407,8.631068861727424,1.8107017381240653,1.3976957153267369,1.0292323895566524,2022-08-21,-0.9963353180672225,156308.5,0,0.0,0.0005963029218843172
Huobi Token,2018-02-03,2022-08-23,1663,1662,1660,0.9185389876365662,4.215493440628052,5.901853718733243,34.64978790283203,4.862851723584942,0.0006818942830348586,0.053235341376141984,-0.11379734814933808,13.570475902491962,1.017059768928821,0.7512436688364348,0.768700933219626,2022-08-21,-0.8754812300332679,94599775.5,0,0.0,0.0006013229104028864
Internet Computer,2021-05-10,2022-08-23,471,470,468,5.13969087600708,27.28958511352539,38.141921794160886,428.3623046875,44.14755622692119,-0.008962969028516725,0.07684075302049412,-0.0940536703245732,3.7082474523375537,1.4680405251682087,1.1969448806414686,0.8899117410578633,2022-08-21,-0.9880015332353844,243349507.5,0,0.0,0.0021231422505307855
IOTA,2017-11-09,2022-08-23,1749,1748,1746,0.1101950034499168,0.4259510040283203,0.7784715653258617,5.366330146789551,0.7568314681583984,-0.0003407942569111614,0.066752794725454,-0.2814542821365408,7.950862120074046,1.275310352555561,1.0226474414157545,0.7494649605353239,2022-08-21,-0.9794654819148908,27630849.5,0,0.0,0.0005717552887364208
Kava,2019-10-25,2022-08-23,1034,1033,1031,0.3437950015068054,2.595417022705078,3.041175533269982,8.715907096862793,1.9241306687151896,0.00033851567404721237,0.07661117131287148,-1.2858003560343394,11.375174067909189,1.4636543728027125,1.2619421748773576,0.6624979907311499,2022-08-21,-0.8257611011620047,39324072.0,0,0.0,0.0009671179883945841
Klaytn,2020-03-30,2022-08-23,877,876,874,0.0651120021939277,0.8146235048770905,0.946401739739664,4.259947776794434,0.7481526407698144,0.0008991938891424029,0.07007731975318969,2.693175349426519,38.490113092875035,1.3388253140285473,0.9482558457547301,0.7907301682514536,2022-08-21,-0.949324027469739,53183830.0,0,0.0,0.0011402508551881414
KuCoin Token,2017-11-09,2022-08-23,1749,1748,1746,0.3483879864215851,1.529588520526886,5.543740642493595,27.56554412841797,6.662128529703729,0.001493420841159854,0.06971903705040311,1.2768744453028802,13.283502690347307,1.331980332602907,0.9919878754755024,0.44803558216332645,2022-08-21,-0.9829580798855572,7169411.5,2,0.0011441647597254005,0.0005717552887364208
Kusama,2019-12-12,2022-08-23,986,985,983,1.0190939903259275,76.80014038085938,149.20954394981945,594.4402465820312,149.47769551516294,0.0033836551654150447,0.0803793162263827,0.18371830629327318,5.059404846661016,1.535644680293134,1.2946474252333091,0.7416296780160015,2022-08-21,-0.922284225965107,67654421.0,0,0.0,0.0010141987829614604
Lido DAO,2021-01-05,2022-08-23,596,595,593,0.4514229893684387,2.282304048538208,2.503089652993098,6.485926151275635,1.404369385622525,0.0003394486353038191,0.11603210676645116,0.4025791447899365,3.8628778317960366,2.2167902871587355,1.821211478674523,1.9150223572886258,2022-08-21,-0.9303996100418668,6768191.0,0,0.0,0.0016778523489932886
litecoin,2016-08-24,2022-08-23,2191,2191,2190,3.5,61.8,87.74699954358739,386.82,67.25741737759805,0.0012308088670755022,0.06009954150940695,0.6400184567597192,13.038885297864937,1.148200128339541,0.917220561185229,0.7553440531926636,2022-08-23,-0.9356594323873122,3745829.0,0,0.0,0.0
Loopring,2017-11-09,2022-08-23,1749,1748,1746,0.0203959997743368,0.2058330029249191,0.3781565630444042,3.3796610832214355,0.5004464588220439,0.0004819481981849217,0.08195296292572932,0.5180331943778438,5.961944573436606,1.565709158270359,1.3215334092170556,0.8959947967446975,2022-08-21,-0.9903883129236578,15845511.0,0,0.0,0.0005717552887364208
Maker,2017-11-20,2022-08-23,1738,1737,1735,206.91111755371097,667.9500122070312,1175.2110004062686,6012.45849609375,991.7785245419559,0.0006487362564963962,0.06450283141699305,-0.39744430095296956,20.939736203720297,1.2323248639037088,0.9098657789218274,0.852890082479832,2022-08-21,-0.8781204331175948,8325943.0,0,0.0,0.0005753739930955121
Mina,2021-06-01,2022-08-23,449,448,446,0.5786899924278259,2.42953097820282,2.538513253575989,6.150121212005615,1.4099300213529289,-0.003347882817233518,0.07448222604892309,0.28688168691935456,4.040868350804394,1.4229809306449084,1.2112778796326293,0.8387436790622308,2022-08-21,-0.9059059207974359,42793938.5,0,0.0,0.0022271714922048997
monero,2015-01-30,2022-08-23,2763,2763,2762,0.099,70.599,100.11464531306551,483.687,97.314518793447,0.0022572861164686796,0.11749448020641864,-0.004180380031349325,40.26672638274559,2.2447288925004782,1.0673443703055179,0.765727421428595,2022-08-23,-0.9324063157894736,87709.0,138,0.0499457111834962,0.0
near protocol,2020-10-15,2022-08-23,678,678,677,0.5338,5.2894,6.325784218289085,20.161,4.4323033697676415,0.0019468273986975881,0.08225844567606727,-0.04427743164100676,3.1270902228642545,1.5715453980208514,1.420473378286339,1.178195568378307,2022-08-23,-0.8465353901096175,9614771.0,0,0.0,0.0
NEM,2017-11-09,2022-08-23,1749,1748,1746,0.0310430005192756,0.09984949976205826,0.16704629681944777,1.8427200317382812,0.20687540834771792,-0.0008947766765175863,0.06856900803193168,1.5933343787034773,29.754452505113328,1.3100090590550644,0.9832635662343229,0.7397180043140621,2022-08-21,-0.9831537075710888,26496973.0,0,0.0,0.0005717552887364208
Neo,2017-11-09,2022-08-23,1749,1748,1746,5.377223968505859,17.631942749023438,28.73495138155241,187.40499877929688,27.879662674234165,-0.0006713941732658763,0.06320815878554088,-0.42802788786097695,5.833988605692049,1.2075901780100002,1.0179090602287326,0.8679883116045479,2022-08-21,-0.9713069341611399,280933080.5,0,0.0,0.0005717552887364208
Neutrino USD,2020-01-30,2022-08-23,937,936,934,0.783145010471344,0.9944165050983428,0.9913692256579032,1.0425950288772583,0.014697068733871279,6.0137502181217825e-06,0.012035778594568758,-4.345197991882606,99.26408787641499,0.22994322718397253,0.08646317757140082,0.0514560112272281,2022-08-21,-0.24885023544118456,4386782.5,0,0.0,0.0010672358591248667
Nexo,2018-05-01,2022-08-23,1576,1574,1571,0.0456140004098415,0.1675745025277137,0.8116281349708953,3.9205610752105713,0.9996242086276019,0.0008719692801909593,0.06518896435915932,-0.26091516215701627,5.26337284132636,1.2454334153579654,1.0595290419479173,0.7722452612373958,2022-08-21,-0.8884996779676786,8361208.5,0,0.0,0.0012690355329949238
OKB,2019-04-30,2022-08-23,1212,1211,1209,1.3391339778900146,6.203718185424805,10.88835476175209,42.36211395263672,8.42231476140801,0.001994009039905249,0.06045003618356473,0.5480107283946299,18.21629832290295,1.1548963196871458,0.8325793483173279,0.8282667047381422,2022-08-21,-0.7859244425065741,124115850.0,0,0.0,0.0008250825082508251
PancakeSwap,2020-09-29,2022-08-23,694,693,691,0.2227720022201538,9.037649154663086,10.698514720126663,42.58777618408203,8.569074845154985,0.0018220773090921326,0.09061009333520208,-1.5168081224851764,20.241970933628934,1.731103402511855,1.1005238713639365,0.7222008242821978,2022-08-21,-0.9373272032840894,181072446.0,1,0.001443001443001443,0.001440922190201729
Pax Dollar,2018-09-27,2022-08-23,1427,1426,1424,0.9707750082015992,1.0005854964256287,1.0020365497674715,1.048037052154541,0.004884362848741285,2.445757955725873e-06,0.003910092282921271,-0.12434220899493116,44.488077188673984,0.0747022081751977,0.049876983050608996,0.04457254797796125,2022-08-21,-0.07372071797853663,101906960.5,0,0.0,0.000700770847932726
PAX Gold,2019-09-26,2022-08-23,1063,1062,1060,1428.54296875,1800.9745483398438,1780.879770052635,2083.294189453125,132.78023781143543,0.00012958957246993853,0.011340367354442746,-0.4217520056854811,9.277315460475702,0.21665741409608957,0.1646955982836882,0.11793563309460221,2022-08-21,-0.1853706118462617,7595796.5,1,0.0009416195856873823,0.0009407337723424271
polkadot,2020-08-21,2022-08-23,733,733,732,3.078,18.278,20.024226466575715,53.846,12.621838005360775,0.0011992833501408126,0.0700402985096157,0.04591174247908431,5.806416039653978,1.3381180241631778,1.0411527093097517,0.9297153008212822,2022-08-23,-0.8835196671990492,5417848.0,0,0.0,0.0
polygon,2019-06-27,2022-08-23,1154,1154,1153,0.008,0.0385,0.5916334488734836,2.874,0.7218690224486347,0.003265277850036304,0.08561803090076524,-0.36422656803672404,11.720787031087596,1.6357301836162963,1.2777379200928047,0.9680422673133123,2022-08-23,-0.8796102992345164,231951264.0,0,0.0,0.0
Qtum,2017-11-09,2022-08-23,1749,1748,1746,1.0418809652328491,3.8008750677108765,7.575979835176905,94.6718978881836,9.600008831974694,-0.0007071557548241686,0.07135944775489406,0.06246513262772551,10.753699116516813,1.3633203351074392,1.050379055669745,0.9464565031899046,2022-08-21,-0.988994823295257,238621247.0,0,0.0,0.0005717552887364208
Quant,2018-08-10,2022-08-23,1475,1474,1472,0.2169139981269836,8.930055141448975,51.65819493375891,393.5371398925781,78.27352414642654,0.004135421730609302,0.08249274021377516,0.08000791989961996,7.466648937706399,1.5760215888787024,1.264559152379371,0.9106910094094894,2022-08-21,-0.8914193704955875,4188204.0,0,0.0,0.0006779661016949153
Shiba Inu,2020-08-01,2022-08-23,753,494,492,9.999999974752427e-07,1.2000000424450263e-05,1.893154077084649e-05,7.999999797903001e-05,1.387272580927745e-05,0.005213311684382917,0.1510437274819449,3.2108937376467424,37.244290332370454,2.88568636172551,1.5135667546112164,1.245731637566951,2022-08-21,-0.8999999977262632,359149351.0,41,0.05452127659574468,0.0013280212483399733
solana,2020-06-04,2021-08-28,451,449,447,0.567,3.731,15.599501113585745,93.817,18.277664810312892,0.011004453208642186,0.09402994194486673,-0.28101060613382167,3.4881978557607236,1.7964395184604958,1.633277238987113,1.2874530043849552,2021-08-28,-0.747485331098072,553842.0,0,0.0,0.004434589800443459
Stacks,2019-10-28,2022-08-23,1031,1030,1028,0.0585279986262321,0.48033198714256287,0.7902173468065493,2.903601884841919,0.7146500521784857,0.0006039030372413141,0.07669461346350648,0.4465257888100092,20.123384647471596,1.4652485328522202,1.293571332539763,0.7865437572517724,2022-08-21,-0.8867110549506186,11728725.0,0,0.0,0.0009699321047526673
stellar,2017-02-22,2022-08-23,2009,2009,2008,0.00172,0.12019,0.1738562767546043,0.886,0.1418379483442909,0.0019759856735576337,0.07562879523980481,1.6215166953563303,16.110579286690868,1.4448861042794612,1.0051372584078369,0.5947204896114254,2022-08-23,-0.9633972911963883,248427232.0,2,0.0009955201592832255,0.0
STEPN,2021-04-13,2022-08-23,498,497,495,0.1856369972229004,0.5646439790725708,7.091107761476121,105.42696380615234,16.182674112269535,-0.009030850031924687,0.19153881549334975,-6.819567894523545,106.87477238722771,3.6593439318841496,0.23271312894585805,4.391272082703247,2022-08-21,-0.9982391886238493,414.0,25,0.05030181086519115,0.002008032128514056
Synthetix,2018-03-14,2022-08-23,1624,1623,1621,0.0348379984498024,1.316980004310608,4.267379269343574,27.068700790405273,5.574231200033103,0.0011459402490141147,0.08303877188063281,0.20883007646546778,4.342505525674442,1.5864535092264689,1.430100092361673,1.4822819874581261,2022-08-21,-0.9546419201631785,3141905.0,0,0.0,0.0006157635467980296
tether,2017-04-14,2022-08-23,1958,1957,1955,0.904,1.0003,0.9998070516096065,1.06,0.009788799421656273,-2.923718730788197e-06,0.004613094265822363,0.028721362889530776,32.07983146241566,0.08813304220017346,0.022504172310086314,0.002029546264091015,2022-08-23,-0.1032075471698114,8780837.0,1,0.000510986203372509,0.0005107252298263534
Tezos,2017-11-09,2022-08-23,1749,1748,1746,0.3492330014705658,2.4069119691848755,2.666449310816398,10.557900428771973,1.6103034221794166,-2.588981898374936e-05,0.07118811493947301,-0.4128741807143915,8.838667793501294,1.3600470262649014,1.118163793704067,0.8467328843909581,2022-08-21,-0.9669221163974184,63292531.0,0,0.0,0.0005717552887364208
The Graph,2020-06-19,2022-04-01,652,652,651,0.3150289952754974,1.1128055453300476,4.3874665293499735,46.86684799194336,6.02400023029059,-0.0026690862022695824,0.3302010680116712,-2.0020911491634625,41.43383622870911,6.308482546568361,1.397455156812613,1.0606008845844364,2022-04-01,-0.993278212451376,17.5,264,0.4049079754601227,0.0
The Sandbox,2020-08-14,2022-08-23,740,739,737,0.0308209992945194,0.6850460171699524,1.387691287326353,8.402190208435059,1.6642795363730047,0.0037898262774992792,0.09246915232440288,0.9009973512517099,7.436814689559197,1.766620674630429,1.4143889218299015,0.7749332514192033,2022-08-21,-0.905022623997839,228565751.0,0,0.0,0.0013513513513513514
Theta Network,2018-01-17,2022-08-23,1680,1679,1677,0.0412730015814304,0.2221869975328445,1.887689692630006,14.282879829406738,2.9212301077152807,0.001135227036562912,0.07585058645361939,-0.011923151935660705,6.824924177443337,1.4491234194697378,1.2333573443323658,1.0950121756264484,2022-08-21,-0.9237652307570067,17938800.0,0,0.0,0.0005952380952380953
THORChain,2019-07-23,2022-08-23,1128,1127,1125,0.0086049996316432,2.0150649547576904,3.8213945444261768,20.312719345092773,4.3918226894518435,0.004304601603076959,0.09199473729564508,-0.17504966341603717,2.5874892286655795,1.7575569882324114,1.59987861634861,1.0839512651021046,2022-08-21,-0.9226989290323732,34639895.0,15,0.013309671694764862,0.0008865248226950354
tron,2017-11-14,2022-08-23,1744,1744,1743,0.001902,0.030641,0.04383338188073395,0.202607,0.030642616820119522,0.001878626320150896,0.07292750721452215,1.8467898894954884,25.391648274867475,1.3932780690197222,0.992870613121506,0.40156875630797434,2022-08-23,-0.9584960045802958,3338781568.0,0,0.0,0.0
TrueUSD,2018-03-06,2022-08-23,1632,1631,1629,0.9708970189094543,1.0004630088806152,1.0025967679675702,1.085229992866516,0.006026879603738726,-7.052508408627924e-06,0.004875113608773447,-1.069113393993039,83.77275678845099,0.09313891471846525,0.04903058437539269,0.004726086612808351,2022-08-21,-0.10535368051804717,99808088.0,0,0.0,0.0006127450980392157
Trust Wallet Token,2020-07-30,2022-08-23,755,754,752,0.0066309999674558,0.6257550120353699,0.6016773467300465,1.51801598072052,0.38070685388194087,0.006770988282953513,0.0967096611466496,2.4590108383858813,19.118425235080885,1.8476354819258645,1.358678263981729,0.7412724572396607,2022-08-21,-0.7539150033051317,15480054.0,0,0.0,0.0013245033112582781
uniswap,2020-11-06,2022-08-23,656,656,655,2.475,16.1465,16.627059908536587,42.837,10.030288972206577,0.0015434020356906934,0.07120448748144437,0.2996901745816759,4.327096067467474,1.360359823240063,1.2040248694524722,1.111820759202041,2022-08-23,-0.914793286177837,3089650.5,0,0.0,0.0
unus sed leo,2019-06-27,2022-08-23,1154,1154,1153,0.8106,1.4506000000000001,2.44072712305026,7.5789,1.6488175045922402,0.000928505796938537,0.032575844116810776,2.422543106600086,38.19292233333141,0.6223606279897578,0.4025297595665579,0.4884072783806406,2022-08-23,-0.5748006714225766,181336.0,0,0.0,0.0
usd coin,2018-12-06,2022-08-23,1357,1357,1356,0.8521,0.9997,0.9996755342667649,1.0704,0.008364988609788944,-1.9145334065892058e-06,0.009442907116427405,-8.52461923378881,278.2993590252039,0.18040648714904486,0.01107007405311957,0.0019694159791893294,2022-08-23,-0.20394245142002998,38651552.0,0,0.0,0.0
USDD,2022-05-02,2022-08-23,114,113,111,0.959254026412964,0.9992499947547911,0.9956687156078035,1.0170789957046509,0.009231382076192316,-0.00010303079890140484,0.003907367374822108,-0.36166482132032235,8.146996400078786,0.0746501488790601,0.0409314618316744,0.020257839473046973,2022-08-21,-0.05685396074040905,76722443.0,0,0.0,0.008771929824561403
VeChain,2018-08-03,2022-08-23,1482,1481,1479,0.0022740000858902,0.0134990001097321,0.037343480573164646,0.2546319961547851,0.046862769308826595,0.00037286850338206655,0.06760108572681743,-0.4499411802314974,7.553004512376928,1.291516929380815,1.0543136232617738,0.7397104542442989,2022-08-21,-0.9156979471167712,146890143.0,0,0.0,0.0006747638326585695
Waves,2017-11-09,2022-08-23,1749,1748,1746,0.5334470272064209,3.611209988594055,7.489064889382443,54.61274719238281,8.353469088113044,3.934963418374748e-06,0.07032260142229337,0.39849377988531365,8.425299921463415,1.3435114137369801,1.1226368991276494,0.8154837552054122,2022-08-21,-0.9667148970420184,49308679.5,0,0.0,0.0005717552887364208
wrapped bitcoin,2020-11-18,2022-08-23,644,644,643,17136.86,40554.55,40526.49903726708,67545.58,12474.241072080466,0.00028207832772400804,0.03970236506608951,-0.18021623651026455,2.109002094814463,0.7585126195535453,0.686187206013122,0.5871521534510623,2022-08-23,-0.7188520699651998,0.0,644,1.0,0.0
xrp,2015-01-22,2022-08-23,2771,2771,2770,0.00356,0.2651,0.3513273258751353,2.78,0.37275471907449775,0.0011031392557117501,0.09003562685559027,0.7998474149935356,28.98173805963732,1.7201282358291974,0.9661713903128433,0.5888430015874193,2022-08-23,-0.9510647482014388,267018112.0,214,0.07722843738722483,0.0
Zcash,2017-11-09,2022-08-23,1749,1748,1746,24.504302978515625,94.20843124389648,129.55523439075637,880.760986328125,111.06497625930963,-0.0007996226086043361,0.06177472221356641,-0.5541280754270317,6.07706198876919,1.1802044107550194,1.0080163087913205,0.8539575438345818,2022-08-21,-0.9721782602103284,223857569.0,0,0.0,0.0005717552887364208
Zilliqa,2018-01-25,2022-08-23,1672,1671,1669,0.0032639999408274,0.0364160016179084,0.05106031833278409,0.2376160025596618,0.04724995217070752,-0.0007688130090480349,0.07384436111140595,0.49188428293961073,10.219779441926784,1.4107945381246623,1.1741923262423293,0.722772395022075,2022-08-21,-0.9837068842705022,34746245.0,0,0.0,0.0005980861244019139
